x,y,timestamp,pen_status
47224.05,14620.909,356.1987,1.0
47190.312,14603.512,361.38876,1.0
47251.24,14606.509,367.05362,1.0
47286.992,14606.967,381.76294,1.0
47254.344,14619.802,399.56378,1.0
47205.6,14635.066,404.9525,1.0
47206.414,14612.959,415.15976,1.0
47231.89,14631.186,420.841,1.0
47262.613,14628.992,422.50043,1.0
47206.535,14619.077,428.12918,1.0
47166.66,14667.387,429.81238,1.0
47290.516,14579.933,430.94684,1.0
47292.445,14600.092,431.5382,1.0
47240.18,14639.581,432.10587,1.0
47265.85,14584.064,432.4524,1.0
47214.01,14625.716,433.20602,1.0
47241.44,14620.322,450.7179,1.0
47226.117,14646.423,450.98804,1.0
47168.914,14641.923,451.56113,1.0
47183.22,14660.15,453.2334,1.0
47116.758,14655.34,456.76724,1.0
47071.184,14669.407,467.9671,1.0
47117.88,14610.826,476.70615,1.0
47081.04,14588.109,482.40485,1.0
47001.516,14665.787,483.55435,1.0
46997.457,14617.276,486.62863,1.0
46943.53,14654.872,487.57635,1.0
46910.887,14680.788,493.5998,1.0
46830.16,14666.648,504.03937,1.0
46790.664,14644.488,509.28467,1.0
46808.152,14577.549,513.7948,1.0
46731.023,14656.655,517.9006,1.0
46671.984,14656.314,527.6946,1.0
46602.45,14652.21,532.8996,1.0
46535.984,14643.92,532.9534,1.0
46524.004,14636.273,551.6333,1.0
46546.934,14635.028,553.4933,1.0
46386.223,14621.091,555.10803,1.0
46381.3,14638.734,562.1639,1.0
46356.418,14634.874,565.0901,1.0
46233.86,14664.944,565.26025,1.0
46189.46,14636.143,565.6075,1.0
46091.81,14630.962,565.6553,1.0
46076.645,14626.176,572.6762,1.0
46013.11,14660.619,574.18335,1.0
45878.36,14661.942,575.44604,1.0
45806.945,14687.047,575.6229,1.0
45774.645,14661.629,589.2123,1.0
45711.332,14628.501,590.12354,1.0
45617.31,14652.084,595.3993,1.0
45616.27,14668.318,597.1581,1.0
45514.945,14622.8545,611.31024,1.0
45467.87,14668.905,612.745,1.0
45450.55,14674.158,618.648,1.0
45408.57,14651.424,622.5674,1.0
45454.934,14648.949,623.0707,1.0
45363.496,14687.494,626.03345,1.0
45294.5,14653.814,637.389,1.0
45289.87,14626.067,638.95105,1.0
45273.168,14618.128,642.9489,1.0
45193.785,14686.661,643.71893,1.0
45180.13,14669.583,643.95074,1.0
45147.156,14644.099,645.4277,1.0
45113.65,14648.158,645.52325,1.0
45091.766,14680.752,648.41425,1.0
45085.336,14663.103,651.7348,1.0
45060.637,14617.069,656.2751,1.0
44975.33,14637.755,657.1433,1.0
44960.51,14663.023,661.83105,1.0
44958.785,14649.786,664.3974,1.0
44943.945,14616.026,675.0203,1.0
44905.96,14667.266,676.97375,1.0
44859.65,14637.8,679.7195,1.0
44885.438,14643.69,680.34045,1.0
44864.445,14622.715,681.1382,1.0
44867.887,14668.564,681.28876,1.0
44755.324,14654.971,681.87537,1.0
44796.01,14691.134,683.02783,1.0
44734.0,14649.977,684.51324,1.0
44685.363,14661.736,685.2086,1.0
44656.773,14634.063,685.36053,1.0
44641.145,14658.349,685.7704,1.0
44586.77,14643.527,687.70056,1.0
44503.492,14655.642,691.0891,1.0
44520.598,14649.429,691.106,1.0
44564.902,14661.832,694.25146,1.0
44515.566,14680.487,699.90155,1.0
44556.434,14684.071,701.4357,1.0
44520.145,14628.913,705.8838,1.0
44494.51,14655.083,707.63715,1.0
44512.574,14693.477,719.8218,1.0
44465.863,14657.09,722.25964,1.0
44508.797,14686.445,729.93634,1.0
44515.453,14668.054,730.52386,1.0
44462.043,14691.309,734.2089,1.0
44496.312,14679.831,748.2059,1.0
44525.027,14682.525,751.73035,1.0
44440.824,14657.076,752.4227,1.0
44433.285,14664.294,753.7776,1.0
44391.133,14673.191,755.9139,1.0
44442.926,14662.204,760.18964,1.0
44400.664,14673.371,762.63403,1.0
44401.18,14670.578,773.1291,1.0
44410.54,14649.527,788.34985,1.0
44452.69,14691.371,789.50116,1.0
44442.668,14671.601,793.83746,1.0
44359.69,14673.845,801.9393,1.0
44388.4,14645.534,802.13495,1.0
44456.05,14643.511,809.3043,1.0
44475.926,14615.256,812.44525,1.0
44390.797,14674.03,824.7587,0.0
44580.23,14620.227,845.047,0.0
44453.945,14610.682,849.6669,0.0
44545.766,14562.08,853.51434,0.0
44546.184,14617.82,873.6103,0.0
44582.12,14551.796,877.71136,0.0
44628.746,14564.756,878.86975,0.0
44589.586,14507.684,973.4142,0.0
44513.555,14594.3,981.65295,0.0
44872.086,13789.807,1099.8502,0.0
44935.71,13742.549,1113.438,0.0
44899.3,13788.514,1123.9459,0.0
44898.902,13752.035,1169.3538,0.0
44890.684,13764.36,1198.4305,0.0
44988.215,13730.664,1213.1997,0.0
44962.016,13774.557,1218.1769,0.0
44808.695,13803.3,1226.674,0.0
44884.38,13840.623,1253.2755,0.0
44960.125,13818.637,1256.6028,0.0
44891.227,13997.857,1267.5441,0.0
44932.14,14082.071,1275.7949,0.0
44942.324,14044.8,1293.3754,0.0
44911.793,14186.214,1310.0311,0.0
44818.832,14233.143,1312.8147,0.0
44746.23,14335.472,1315.1206,0.0
44758.348,14337.073,1315.9829,0.0
44751.13,14455.372,1325.7454,0.0
44703.414,14555.506,1329.787,0.0
44631.707,14551.842,1341.3528,0.0
44560.348,14577.086,1363.678,0.0
44598.6,14562.623,1373.3383,0.0
44545.79,14598.145,1375.5256,0.0
44477.26,14579.8955,1376.6562,0.0
44483.152,14654.545,1376.6807,0.0
44395.84,14657.5625,1386.0732,0.0
44340.35,14619.827,1393.2297,0.0
44297.45,14646.004,1395.9655,0.0
44284.07,14648.308,1398.5592,0.0
44328.727,14616.121,1401.8174,0.0
44307.535,14650.143,1403.186,0.0
44311.945,14641.145,1411.7722,0.0
44249.766,14656.4795,1414.628,0.0
44269.28,14667.347,1418.9806,0.0
44281.82,14642.022,1433.4601,0.0
44361.902,14647.7,1437.1514,0.0
44350.79,14627.485,1441.8746,0.0
44350.973,14622.303,1442.0189,0.0
44321.543,14538.406,1443.5638,0.0
44285.97,14630.046,1446.2632,0.0
44273.34,14630.933,1452.7666,0.0
44332.54,14584.142,1453.4552,0.0
44246.992,14631.271,1461.341,0.0
44281.05,14579.575,1461.6342,0.0
44316.875,14603.72,1466.3627,0.0
44360.363,14543.0,1473.5342,0.0
44296.156,14658.393,1473.6831,0.0
44310.902,14649.62,1481.7018,0.0
44345.6,14603.254,1484.8414,0.0
44437.996,14666.81,1486.8859,0.0
44395.977,14685.694,1489.3553,0.0
44329.45,14620.228,1494.3529,0.0
44415.426,14593.841,1497.9983,0.0
44445.816,14656.104,1514.7976,0.0
44339.695,14645.742,1523.8335,0.0
44346.324,14693.816,1524.7482,0.0
44325.21,14650.1,1526.1959,0.0
44312.1,14670.668,1527.0618,0.0
44332.816,14666.996,1534.9202,0.0
44349.02,14665.896,1536.4409,0.0
44337.05,14656.278,1541.7156,0.0
44321.027,14657.778,1550.2522,0.0
44282.086,14632.699,1552.1254,0.0
44356.117,14647.709,1554.3444,0.0
44296.875,14674.446,1554.4032,0.0
44336.395,14654.353,1557.4343,0.0
44356.65,14671.997,1562.9213,0.0
44355.992,14622.736,1572.0359,0.0
44296.26,14645.212,1587.6598,0.0
44324.652,14654.252,1588.3223,0.0
44242.965,14706.229,1590.8457,0.0
44296.426,14631.395,1591.6946,0.0
44328.285,14644.454,1591.9196,0.0
44263.188,14681.6045,1618.6135,0.0
44307.36,14653.072,1619.3823,0.0
44325.332,14631.506,1628.5043,0.0
44303.05,14654.74,1631.7731,0.0
44333.33,14656.718,1637.297,0.0
44337.75,14655.006,1638.6133,0.0
44275.82,14666.566,1640.3611,0.0
44253.176,14672.402,1644.9751,0.0
44368.09,14668.021,1649.0686,0.0
44293.46,14645.903,1657.628,0.0
44252.215,14659.947,1661.535,0.0
44312.7,14660.651,1664.2167,0.0
44320.08,14645.691,1692.8965,0.0
44298.504,14611.151,1704.8738,0.0
44316.78,14635.854,1714.6393,0.0
44270.703,14643.557,1722.6498,0.0
44349.64,14582.188,1734.3604,0.0
44317.414,14622.55,1749.5284,0.0
44325.043,14671.282,1757.289,0.0
44282.316,14682.252,1761.0118,0.0
44329.652,14691.437,1761.7811,1.0
44374.96,14710.313,1784.472,1.0
44352.65,14688.653,1785.7782,1.0
44409.723,14707.227,1788.2668,1.0
44379.008,14682.524,1795.8674,1.0
44440.63,14684.408,1809.5623,1.0
44357.523,14721.356,1811.3123,1.0
44374.81,14735.521,1816.0902,1.0
44345.84,14707.024,1820.4103,1.0
44357.24,14716.743,1825.0885,1.0
44349.598,14690.334,1850.0217,1.0
44356.0,14712.083,1888.2711,1.0
44340.227,14707.654,1895.6461,1.0
44339.35,14707.634,1903.6035,1.0
44345.18,14697.115,1926.2574,1.0
44334.918,14713.683,1930.2703,1.0
44369.97,14733.996,1931.1488,1.0
44430.938,14728.206,1932.2845,1.0
44350.715,14709.041,1937.7313,1.0
44352.344,14718.797,1939.3389,1.0
44349.273,14690.332,1952.0277,1.0
44391.61,14695.28,1982.2734,1.0
44394.31,14725.832,2011.4484,1.0
44389.652,14690.474,2012.589,1.0
44343.117,14719.295,2047.6482,1.0
44317.457,14697.321,2054.2786,1.0
44370.88,14697.27,2071.9104,1.0
44377.6,14709.74,2097.5208,1.0
44347.65,14700.182,2105.1772,1.0
44376.55,14685.717,2107.2947,1.0
44358.41,14712.538,2124.202,1.0
44366.13,14680.208,2129.0183,1.0
44381.383,14674.661,2135.7673,1.0
44323.176,14672.272,2153.7688,1.0
44341.562,14641.818,2158.2463,1.0
44373.125,14641.684,2164.692,1.0
44361.477,14599.378,2167.8926,1.0
44339.27,14601.924,2232.1143,1.0
44357.516,14581.25,2253.6238,1.0
44359.45,14548.444,2258.6384,1.0
44344.066,14494.579,2261.3083,1.0
44368.234,14496.269,2267.176,1.0
44453.605,14526.913,2270.8855,1.0
44406.98,14456.696,2275.6245,1.0
44376.223,14479.186,2276.5208,1.0
44339.637,14343.945,2282.5286,1.0
44363.96,14316.663,2297.9058,1.0
44369.324,14312.676,2300.2324,1.0
44475.027,14291.358,2322.2515,1.0
44444.906,14282.177,2394.4045,1.0
44420.527,14202.608,2403.5142,1.0
44418.965,14215.381,2426.7793,1.0
44405.445,14193.487,2427.1306,1.0
44430.42,14198.256,2439.68,1.0
44421.76,14152.18,2464.4458,1.0
44417.652,14075.879,2495.3833,1.0
44409.984,14076.774,2496.0107,1.0
44422.566,14069.751,2501.2202,1.0
44442.26,14035.587,2505.8997,1.0
44411.61,13955.665,2512.3657,1.0
44422.51,13986.216,2517.965,1.0
44442.344,13978.435,2540.5288,1.0
44455.16,13870.386,2544.3027,1.0
44475.74,13901.775,2547.4282,1.0
44469.56,13826.009,2555.1985,1.0
44486.75,13782.644,2555.7664,1.0
44514.64,13709.854,2556.0356,1.0
44484.883,13689.836,2557.087,1.0
44502.395,13744.518,2575.8274,1.0
44570.926,13629.628,2582.7678,1.0
44494.28,13585.289,2596.4268,1.0
44544.645,13557.554,2596.4622,1.0
44615.434,13581.529,2607.4563,1.0
44596.88,13528.113,2612.37,1.0
44592.016,13484.542,2621.8845,1.0
44532.793,13347.331,2625.928,1.0
44631.715,13355.547,2630.6943,1.0
44534.496,13308.338,2644.2917,1.0
44626.562,13285.624,2657.9243,1.0
44632.574,13286.441,2663.4844,1.0
44651.805,13202.24,2676.3562,1.0
44629.81,13163.5205,2677.8755,1.0
44615.543,13129.094,2685.5623,1.0
44657.91,13125.778,2691.402,1.0
44692.664,13091.073,2699.187,1.0
44659.55,13062.975,2707.837,1.0
44608.79,13008.254,2711.089,1.0
44653.293,12889.639,2713.8115,1.0
44696.957,12962.549,2716.3364,1.0
44602.13,12845.197,2718.7324,1.0
44612.57,12798.839,2729.7617,1.0
44660.387,12793.693,2739.127,1.0
44717.344,12710.886,2746.4895,1.0
44606.094,12648.274,2750.734,1.0
44742.848,12683.825,2751.633,1.0
44760.188,12645.5625,2751.9536,1.0
44732.52,12616.323,2756.5244,1.0
44784.363,12553.748,2756.6604,1.0
44787.17,12539.007,2772.6365,1.0
44723.42,12499.138,2778.772,1.0
44706.535,12378.862,2781.3455,1.0
44747.516,12342.634,2783.8767,1.0
44699.49,12280.381,2788.0632,1.0
44726.49,12276.165,2794.3657,1.0
44758.617,12226.492,2801.4482,1.0
44760.918,12175.249,2805.1296,1.0
44787.17,12204.182,2823.1084,1.0
44763.2,12133.622,2823.2288,1.0
44833.926,12136.756,2824.5999,1.0
44817.258,12117.527,2829.0806,1.0
44841.273,12040.576,2854.9941,1.0
44810.34,12013.587,2860.2236,1.0
44774.94,11978.395,2866.5735,1.0
44744.695,11964.943,2867.7344,1.0
44755.836,11900.518,2875.2812,1.0
44723.195,11805.874,2879.8083,1.0
44683.215,11835.924,2887.5835,1.0
44762.617,11781.952,2890.4907,1.0
44722.086,11731.5625,2891.4424,1.0
44762.945,11724.379,2891.908,1.0
44783.688,11756.009,2894.6882,1.0
44685.84,11598.722,2903.665,1.0
44611.617,11566.768,2912.951,1.0
44757.887,11598.899,2914.419,1.0
44773.25,11532.465,2918.4963,1.0
44758.953,11450.286,2918.6294,1.0
44658.31,11479.22,2926.6333,1.0
44650.31,11435.781,2927.6099,1.0
44824.426,11478.205,2929.7668,1.0
44821.707,11418.471,2934.631,1.0
44707.01,11386.631,2944.7117,1.0
44783.387,11386.014,2945.031,1.0
44572.473,11260.056,2953.0098,1.0
44584.344,11261.747,2955.2834,1.0
44582.55,11195.104,2965.2078,1.0
44678.64,11212.261,2970.5996,1.0
44725.047,11159.927,2974.7603,1.0
44602.414,11179.741,2996.8752,1.0
44658.832,11111.565,2998.5215,1.0
44553.855,11113.029,3003.45,1.0
44651.934,11132.518,3006.3926,1.0
44637.008,11136.704,3006.907,1.0
44757.164,11208.194,3010.5942,1.0
44655.457,11129.859,3023.3274,1.0
44695.48,11109.461,3029.1711,1.0
44580.09,11125.833,3030.9,1.0
44729.76,11155.763,3031.5042,1.0
44722.758,11140.731,3031.5903,1.0
44562.977,11011.056,3046.0337,1.0
44578.97,11096.073,3067.5564,1.0
44699.47,11079.867,3071.735,1.0
44662.785,11100.199,3071.9792,1.0
44648.832,11148.543,3073.3044,1.0
44617.45,11148.84,3074.4148,1.0
44560.973,11136.73,3080.373,1.0
44673.71,11119.569,3081.0454,1.0
44642.13,11152.448,3088.2961,1.0
44640.527,11124.2705,3092.9443,1.0
44739.348,11197.816,3093.3308,1.0
44677.734,11111.851,3098.312,1.0
44708.06,11125.531,3103.398,1.0
44806.555,11173.939,3118.7058,1.0
44732.65,11080.7705,3127.128,1.0
44677.047,11140.245,3139.3672,1.0
44646.82,11141.719,3162.5493,1.0
44631.715,11130.456,3173.8093,1.0
44779.97,11102.657,3178.3115,1.0
44690.33,11101.485,3188.2493,1.0
44664.33,11157.857,3190.512,1.0
44728.6,11093.02,3204.9053,1.0
44725.06,11126.355,3208.4324,1.0
44834.926,11155.162,3219.066,1.0
44730.633,11097.084,3225.5103,1.0
44870.727,11197.231,3228.2312,1.0
44849.117,11174.18,3231.0461,1.0
44863.375,11059.132,3234.2744,1.0
44900.637,11145.61,3236.8047,1.0
44921.277,11168.333,3238.6177,1.0
44957.977,11178.03,3245.4463,1.0
44925.945,11120.941,3251.5269,1.0
45018.906,11171.605,3270.7026,1.0
44987.953,11171.76,3271.004,1.0
44978.953,11193.246,3272.0933,1.0
45084.656,11119.272,3274.7632,1.0
45118.47,11153.543,3282.49,1.0
45191.74,11155.499,3289.3901,1.0
45201.973,11172.15,3289.821,1.0
45330.61,11174.778,3292.3328,1.0
45324.63,11167.265,3300.3452,1.0
45407.684,11200.743,3306.6858,1.0
45430.85,11172.327,3322.7017,1.0
45402.09,11119.9375,3333.1594,1.0
45542.844,11176.142,3333.193,1.0
45537.29,11187.018,3339.8435,1.0
45613.46,11074.119,3341.814,1.0
45598.246,11202.781,3350.0168,1.0
45686.336,11174.918,3356.4036,1.0
45637.926,11129.779,3380.9282,1.0
45824.824,11165.817,3383.706,1.0
45798.24,11146.901,3385.544,1.0
45903.49,11160.723,3399.929,1.0
45948.71,11162.956,3410.2717,1.0
46022.953,11169.862,3434.5205,1.0
45994.02,11167.715,3435.4502,1.0
46073.387,11034.823,3456.3127,1.0
46183.387,11140.703,3457.3127,1.0
46228.332,11143.321,3457.664,1.0
46293.863,11123.441,3464.0588,1.0
46341.54,11123.467,3474.223,1.0
46400.684,11089.285,3483.9358,1.0
46382.023,11128.068,3485.0132,1.0
46473.633,11100.3125,3486.418,1.0
46515.137,11159.664,3487.5696,1.0
46504.938,11117.115,3488.1858,1.0
46587.945,11078.762,3503.6982,1.0
46593.5,11127.678,3507.5532,1.0
46633.574,11012.02,3519.4636,1.0
46728.223,11058.535,3521.2935,1.0
46763.07,11083.669,3531.1963,1.0
46838.652,11021.144,3532.2407,1.0
46818.21,11075.902,3550.0283,1.0
46843.508,11089.403,3568.422,1.0
46818.758,10979.153,3572.6062,1.0
46971.242,11034.295,3576.0273,1.0
46965.9,11085.779,3579.0881,1.0
46970.29,11087.837,3597.0234,1.0
47119.285,11034.134,3603.3342,1.0
47105.45,11039.919,3616.9456,1.0
47137.516,11026.227,3623.4727,1.0
47208.473,10999.307,3629.6675,1.0
47186.8,10975.165,3633.2642,1.0
47174.266,11003.715,3634.0457,1.0
47298.797,11026.779,3656.3926,1.0
47273.574,10945.744,3664.625,1.0
47304.73,11042.267,3683.4443,1.0
47297.934,10947.262,3684.3828,1.0
47343.504,10962.019,3686.6272,1.0
47392.95,11044.466,3692.594,1.0
47384.074,10987.27,3693.229,1.0
47405.4,11005.818,3710.9941,1.0
47457.996,10942.353,3713.6785,1.0
47433.285,10979.956,3715.7925,1.0
47480.6,10938.027,3725.1433,1.0
47532.56,10976.383,3735.8794,1.0
47470.586,10958.01,3737.4712,1.0
47481.47,10907.237,3737.499,1.0
47530.73,10981.865,3749.084,1.0
47581.17,10872.818,3754.0688,1.0
47509.168,10894.854,3756.5032,1.0
47559.023,10928.252,3758.3367,1.0
47589.33,10954.169,3774.824,1.0
47619.086,10937.946,3775.186,1.0
47522.73,10983.505,3799.3455,1.0
47560.836,10887.722,3806.4883,1.0
47520.586,10959.541,3815.3997,1.0
47524.293,10971.733,3861.4058,1.0
47569.863,10946.443,3879.9956,1.0
47606.652,10998.184,3881.9753,1.0
47589.46,10945.996,3886.3433,1.0
47600.734,10903.034,3926.0566,1.0
47593.723,10967.323,3926.9607,1.0
47592.812,10937.693,3929.4592,1.0
47585.887,10935.352,3939.532,1.0
47634.273,11004.642,3940.2915,1.0
47619.215,10929.47,3940.7756,0.0
47589.895,10939.486,3951.0542,0.0
47592.633,11021.48,3971.638,0.0
47518.664,11065.153,3995.291,0.0
47582.92,11077.981,4003.1755,0.0
47541.23,11161.107,4004.4043,0.0
47507.51,11148.552,4008.7783,0.0
47554.707,11191.429,4019.5198,0.0
47601.977,11292.761,4020.4797,0.0
47641.01,11310.423,4029.0298,0.0
47662.074,11386.625,4048.849,0.0
47973.004,12025.961,4051.794,0.0
47965.168,12045.952,4071.2095,0.0
48001.855,12108.779,4081.0193,0.0
48011.79,12259.789,4083.0698,0.0
47938.895,12280.903,4103.2896,0.0
47929.27,12525.629,4103.469,0.0
47998.848,12620.555,4106.919,0.0
47929.1,12803.925,4115.508,0.0
47902.848,12892.988,4122.8857,0.0
47867.574,12971.217,4127.2046,0.0
47775.766,13131.284,4128.0664,0.0
47704.45,13347.111,4129.87,0.0
47609.63,13475.111,4135.364,0.0
47570.953,13648.159,4136.66,0.0
47549.062,13721.817,4139.8047,0.0
47459.395,13820.379,4156.8027,0.0
47452.066,13983.072,4157.872,0.0
47434.4,14046.401,4178.6733,0.0
47424.535,14166.181,4198.007,0.0
47349.496,14283.74,4216.4336,0.0
47313.727,14291.571,4241.202,0.0
47259.42,14507.31,4251.1284,0.0
47290.4,14528.286,4252.897,0.0
47222.44,14603.295,4255.123,0.0
47302.066,14537.815,4260.703,0.0
47302.33,14636.024,4264.177,0.0
47328.836,14556.406,4273.5674,0.0
47252.402,14663.197,4275.2085,0.0
47309.582,14658.41,4281.825,0.0
47275.008,14665.3545,4283.648,0.0
47301.41,14691.955,4296.9106,0.0
47243.613,14620.821,4300.53,0.0
47274.78,14656.115,4309.8906,0.0
47316.16,14607.044,4318.078,0.0
47257.28,14625.245,4319.6436,0.0
47247.867,14653.472,4320.079,0.0
47280.895,14593.338,4330.885,0.0
47291.504,14483.585,4330.914,0.0
47309.03,14521.75,4332.832,0.0
47306.73,14482.5625,4336.6147,0.0
47278.66,14505.128,4339.318,0.0
47237.547,14426.195,4340.287,0.0
47296.92,14466.572,4343.172,0.0
47281.17,14325.606,4345.756,0.0
47237.523,14285.763,4348.079,0.0
47280.793,14392.511,4352.1826,0.0
47273.23,14257.269,4353.286,0.0
47249.074,14273.876,4354.73,0.0
47295.844,14299.905,4355.8145,0.0
47230.312,14324.931,4356.4844,0.0
47214.254,14249.386,4358.998,0.0
47252.05,14288.654,4367.705,0.0
47227.785,14359.577,4369.0713,0.0
47263.69,14308.806,4374.824,0.0
47251.902,14326.456,4377.777,0.0
47243.94,14404.461,4386.987,0.0
47223.37,14340.049,4389.75,0.0
47219.793,14514.706,4392.092,0.0
47180.406,14445.92,4407.551,0.0
47206.375,14504.876,4409.869,0.0
47233.96,14502.771,4412.981,0.0
47235.707,14570.891,4413.3486,0.0
47192.695,14463.665,4431.4854,0.0
47200.434,14578.351,4435.527,0.0
47176.05,14506.167,4437.9736,0.0
47178.46,14571.983,4442.364,0.0
47206.39,14623.629,4444.744,0.0
47242.62,14520.505,4446.182,0.0
47224.332,14656.153,4450.443,0.0
47170.2,14612.34,4451.652,0.0
47224.285,14551.844,4454.565,0.0
47207.78,14662.962,4464.274,0.0
47171.84,14606.603,4465.711,1.0
47161.71,14620.475,4471.9663,1.0
47159.906,14604.146,4478.0894,1.0
47142.24,14649.855,4486.802,1.0
47216.117,14631.519,4497.0156,1.0
47163.605,14606.115,4505.4404,1.0
47111.266,14674.179,4507.8936,1.0
47158.973,14617.14,4518.8027,1.0
47188.625,14651.874,4520.4224,1.0
47135.246,14684.861,4526.677,1.0
47201.473,14660.4,4530.6597,1.0
47171.36,14676.161,4531.145,1.0
47109.137,14676.783,4531.3076,1.0
47160.453,14652.59,4532.3926,1.0
47159.848,14667.023,4538.724,1.0
47171.457,14675.711,4543.448,1.0
47227.63,14622.695,4547.209,1.0
47284.24,14595.526,4568.9863,1.0
47175.914,14651.571,4569.8013,1.0
47124.586,14640.835,4585.9434,1.0
47181.25,14625.705,4587.598,1.0
47188.973,14550.038,4593.573,1.0
47204.24,14529.115,4593.792,1.0
47247.324,14550.476,4603.229,1.0
47220.793,14464.146,4612.012,1.0
47198.01,14456.599,4620.516,1.0
47180.574,14453.718,4641.075,1.0
47138.4,14387.124,4645.866,1.0
47174.96,14359.26,4652.58,1.0
47160.25,14276.455,4663.941,1.0
47172.098,14231.628,4665.325,1.0
47145.164,14228.561,4677.0166,1.0
47197.465,14241.36,4681.29,1.0
47161.09,14158.016,4681.907,1.0
47102.75,14136.187,4694.0957,1.0
47180.0,14171.827,4694.3804,1.0
47122.195,14071.079,4705.822,1.0
47161.383,14015.133,4752.9824,1.0
47114.453,13997.407,4753.2495,1.0
47137.176,13961.929,4773.545,1.0
47152.53,13900.627,4780.073,1.0
47142.01,13852.681,4783.752,1.0
47175.703,13844.497,4787.7896,1.0
47149.785,13712.241,4792.1294,1.0
47211.45,13720.5625,4801.492,1.0
47220.61,13764.349,4809.921,1.0
47232.12,13614.882,4814.947,1.0
47277.633,13602.551,4819.132,1.0
47186.62,13390.815,4819.399,1.0
47288.754,13385.58,4829.367,1.0
47236.227,13362.292,4842.7617,1.0
47307.04,13226.951,4852.688,1.0
47322.87,13215.41,4856.9985,1.0
47274.258,13214.018,4858.4023,1.0
47304.297,13154.173,4879.6978,1.0
47306.055,12978.475,4886.878,1.0
47311.133,12974.4795,4897.052,1.0
47371.785,12953.567,4897.3003,1.0
47293.05,12916.005,4931.8726,1.0
47329.965,12851.294,4954.7817,1.0
47320.848,12789.37,4966.508,1.0
47302.5,12744.91,4974.596,1.0
47279.97,12724.669,4985.7427,1.0
47332.94,12699.687,5007.331,1.0
47332.44,12639.896,5007.7676,1.0
47369.832,12619.376,5016.004,1.0
47314.75,12508.18,5024.105,1.0
47340.605,12529.594,5024.27,1.0
47343.598,12446.594,5032.948,1.0
47308.707,12469.05,5033.878,1.0
47352.156,12435.472,5035.3564,1.0
47297.23,12320.978,5038.593,1.0
47317.797,12267.977,5042.7344,1.0
47334.14,12235.03,5048.5493,1.0
47386.504,12191.987,5049.837,1.0
47383.12,12133.316,5052.958,1.0
47332.574,12094.8545,5082.2217,1.0
47359.246,12032.535,5095.4375,1.0
47312.96,11910.735,5104.928,1.0
47313.94,11991.139,5132.4336,1.0
47383.87,11881.277,5134.3467,1.0
47371.965,11809.852,5139.549,1.0
47383.625,11836.121,5143.504,1.0
47410.867,11725.447,5146.9272,1.0
47376.24,11688.211,5150.009,1.0
47353.81,11650.367,5161.5605,1.0
47381.13,11594.059,5171.394,1.0
47392.31,11591.077,5172.5806,1.0
47342.957,11512.802,5173.864,1.0
47433.37,11495.719,5178.0703,1.0
47435.04,11460.396,5181.1465,1.0
47343.94,11401.716,5188.284,1.0
47426.59,11472.851,5189.047,1.0
47433.027,11337.634,5195.0894,1.0
47386.504,11400.554,5238.817,1.0
47359.64,11355.667,5240.8237,1.0
47420.42,11329.0625,5242.5977,1.0
47358.97,11366.217,5246.657,1.0
47328.008,11332.225,5252.517,1.0
47354.438,11255.469,5255.795,1.0
47334.02,11329.065,5256.3916,1.0
47445.277,11312.41,5258.992,1.0
47399.57,11395.93,5284.995,1.0
47337.926,11310.654,5302.044,1.0
47394.03,11401.113,5309.522,1.0
47388.188,11273.86,5313.891,1.0
47393.707,11375.489,5317.5845,1.0
47372.207,11331.016,5323.086,1.0
47358.695,11332.757,5324.6924,1.0
47351.586,11331.37,5331.177,1.0
47375.703,11316.908,5335.0317,1.0
47430.65,11287.299,5348.1367,1.0
47373.344,11255.634,5351.2524,1.0
47378.023,11367.185,5352.066,1.0
47405.45,11327.914,5359.13,1.0
47366.754,11289.065,5380.4077,1.0
47310.68,11329.846,5388.3115,1.0
47370.01,11311.818,5416.211,1.0
47382.94,11333.326,5422.663,1.0
47335.56,11351.485,5425.769,1.0
47392.56,11347.181,5446.466,1.0
47396.32,11349.823,5448.0767,1.0
47402.008,11340.204,5451.229,1.0
47302.65,11321.406,5459.262,1.0
47415.984,11361.737,5459.3633,1.0
47354.754,11361.837,5491.501,1.0
47331.65,11331.922,5494.6514,1.0
47336.234,11343.633,5503.721,1.0
47372.203,11349.47,5509.5073,1.0
47351.008,11270.819,5514.282,1.0
47438.22,11355.139,5515.9517,1.0
47370.273,11276.084,5517.969,1.0
47324.008,11327.399,5527.5923,1.0
47382.52,11348.983,5532.076,1.0
47350.344,11366.084,5534.135,1.0
47351.4,11336.594,5536.6494,1.0
47383.53,11340.517,5561.7676,1.0
47354.883,11342.332,5564.775,1.0
47379.594,11288.533,5579.166,1.0
47341.242,11302.005,5581.994,1.0
47356.82,11320.709,5582.5483,1.0
47392.285,11320.547,5583.326,1.0
47378.875,11327.684,5587.149,1.0
47366.027,11311.285,5593.3013,1.0
47377.895,11323.823,5600.829,1.0
47349.42,11330.998,5615.262,1.0
47391.207,11372.689,5620.1416,1.0
47382.77,11290.297,5620.467,0.0
47349.03,11320.404,5630.6045,0.0
47369.5,11345.803,5634.585,0.0
47338.293,11357.271,5635.794,0.0
47328.355,11215.222,5689.2505,0.0
47350.89,11312.607,5710.8477,0.0
47285.543,11363.532,5746.027,0.0
47314.15,11410.113,5746.0786,0.0
47333.215,11327.139,5773.817,0.0
47338.293,11263.085,5775.1235,0.0
47369.562,11194.786,5781.894,0.0
47474.29,11200.693,5789.9272,0.0
47447.754,11098.608,5802.597,0.0
47525.066,10998.2,5805.159,0.0
47506.508,10950.402,5808.525,0.0
47584.04,10893.479,5832.8765,0.0
47545.63,10761.769,5843.4014,0.0
47573.938,10746.685,5858.79,0.0
47647.465,10735.73,5862.868,0.0
47655.832,10658.787,5871.4126,0.0
47606.715,10686.179,5874.621,0.0
47611.1,10696.522,5886.653,0.0
47663.176,10760.517,5889.2583,0.0
47646.297,10668.326,5890.413,0.0
47648.953,10689.817,5896.595,0.0
47664.16,10640.548,5897.2603,0.0
47624.44,10696.101,5897.6274,0.0
47578.47,10777.236,5898.9165,0.0
47606.91,10822.86,5903.007,0.0
47600.703,10816.168,5904.187,0.0
47562.453,10758.94,5925.414,0.0
47533.15,10782.378,5928.245,0.0
47492.613,10846.425,5928.2856,0.0
47427.574,10852.594,5937.2207,0.0
47400.13,10808.932,5948.9663,0.0
47416.0,10889.203,5954.0166,0.0
47435.88,11006.134,5963.771,0.0
47477.16,11006.185,5988.6533,0.0
47372.758,10909.476,5993.6855,0.0
47352.2,11023.579,6000.566,0.0
47412.55,11105.788,6001.807,0.0
47358.6,11098.74,6006.979,0.0
47401.43,11192.711,6015.8496,0.0
47348.656,11190.693,6018.028,0.0
47396.965,11317.326,6020.3564,0.0
47304.457,11258.871,6038.2896,0.0
47334.188,11265.32,6049.0176,0.0
47340.355,11370.696,6060.517,0.0
47334.223,11419.415,6076.4087,0.0
47341.203,11398.22,6088.958,0.0
47281.24,11421.484,6091.0312,0.0
47296.69,11485.563,6106.267,0.0
47352.81,11447.93,6106.9907,0.0
47284.906,11468.986,6115.9375,0.0
47325.355,11462.805,6125.0576,0.0
47357.074,11477.851,6127.1567,0.0
47308.91,11431.424,6130.4863,0.0
47342.094,11444.681,6133.0723,0.0
47317.273,11500.495,6149.004,0.0
47297.54,11521.626,6174.388,0.0
47317.375,11512.179,6185.065,0.0
47360.746,11444.596,6200.447,0.0
47363.645,11583.452,6211.507,0.0
47397.645,11589.323,6224.9453,0.0
47303.76,11534.306,6251.7266,0.0
47406.023,11598.64,6258.8335,0.0
47344.688,11546.24,6278.177,0.0
47388.055,11521.609,6282.605,0.0
47326.11,11462.149,6303.631,0.0
47339.215,11540.116,6311.4624,0.0
47350.63,11580.547,6312.0283,0.0
47333.375,11482.655,6329.7847,0.0
47340.234,11512.8125,6374.016,0.0
47327.8,11472.042,6378.1826,0.0
47311.336,11564.787,6389.896,1.0
47344.66,11487.558,6412.296,1.0
47305.72,11514.503,6417.0176,1.0
47282.625,11469.251,6426.412,1.0
47262.836,11429.741,6440.0825,1.0
47309.215,11456.1045,6449.4253,1.0
47365.168,11489.188,6470.132,1.0
47386.848,11487.345,6471.6494,1.0
47297.332,11522.44,6474.716,1.0
47299.258,11469.744,6481.951,1.0
47345.24,11493.4795,6483.306,1.0
47344.582,11391.944,6488.282,1.0
47344.746,11445.048,6494.8276,1.0
47335.88,11374.456,6505.4805,1.0
47363.273,11355.563,6515.2793,1.0
47352.586,11384.323,6521.505,1.0
47365.19,11284.054,6530.6934,1.0
47396.23,11273.058,6545.0073,1.0
47430.402,11260.092,6568.5117,1.0
47351.35,11313.338,6583.317,1.0
47424.453,11221.075,6652.742,1.0
47371.023,11187.095,6662.1196,1.0
47429.52,11196.355,6665.115,1.0
47423.844,11114.706,6674.986,1.0
47438.742,11147.8125,6680.407,1.0
47398.97,11146.3125,6683.6797,1.0
47362.53,11173.504,6689.7827,1.0
47399.64,11010.25,6694.675,1.0
47437.883,11106.329,6699.471,1.0
47368.105,11065.826,6700.9805,1.0
47377.13,11069.686,6708.9985,1.0
47390.08,11088.354,6710.1323,1.0
47384.94,11060.983,6717.03,1.0
47469.04,11089.101,6724.6616,1.0
47465.438,11133.079,6730.026,1.0
47377.996,11192.785,6737.5654,1.0
47437.113,11185.553,6738.4272,1.0
47389.164,11206.098,6743.2163,1.0
47377.21,11271.029,6752.523,1.0
47458.88,11242.22,6774.7207,1.0
47437.023,11330.796,6777.3184,1.0
47394.13,11378.875,6784.623,1.0
47412.434,11389.182,6790.7847,1.0
47379.594,11410.451,6793.284,1.0
47437.758,11387.37,6831.6304,1.0
47415.84,11451.772,6847.54,1.0
47466.53,11485.447,6854.462,1.0
47442.652,11447.62,6856.9165,1.0
47432.254,11464.296,6860.3325,1.0
47442.734,11482.384,6866.01,1.0
47417.35,11469.163,6866.26,1.0
47411.316,11425.015,6867.6577,1.0
47402.727,11476.377,6880.518,1.0
47390.656,11424.201,6885.3657,1.0
47406.75,11366.619,6889.813,1.0
47439.87,11318.233,6900.4443,1.0
47462.387,11323.068,6911.979,1.0
47390.71,11282.278,6912.4976,1.0
47371.34,11227.481,6922.4985,1.0
47454.215,11183.248,6928.095,1.0
47410.715,11139.697,6935.138,1.0
47386.215,11104.812,6957.9165,1.0
47490.75,11119.758,6967.0273,1.0
47385.59,10984.663,6973.6235,1.0
47391.047,10990.337,6974.1855,1.0
47462.82,11059.371,6984.128,1.0
47428.375,11062.187,7010.3867,1.0
47398.844,10995.346,7012.596,1.0
47453.375,10962.267,7030.5806,1.0
47395.64,10991.317,7037.8315,1.0
47411.56,11005.227,7041.9575,1.0
47409.65,10930.92,7052.5923,1.0
47475.91,10963.996,7066.474,1.0
47413.094,10948.462,7080.4927,1.0
47364.695,10946.938,7100.676,1.0
47422.805,10944.398,7106.3057,1.0
47410.863,10922.258,7108.1084,1.0
47395.48,10917.841,7119.2314,1.0
47406.63,10996.51,7119.995,1.0
47416.61,10964.256,7122.9033,1.0
47378.543,11062.354,7150.326,1.0
47401.723,10979.524,7153.0034,1.0
47403.344,11020.993,7185.57,1.0
47386.754,10969.811,7188.352,1.0
47425.66,10905.317,7194.617,1.0
47465.473,10984.694,7198.8257,1.0
47384.47,10910.516,7203.063,1.0
47443.25,10931.075,7219.1387,1.0
47460.47,11039.822,7220.202,1.0
47379.742,10954.585,7225.4434,1.0
47416.406,11010.791,7236.951,1.0
47414.43,10975.605,7268.178,1.0
47453.438,11006.085,7273.2646,1.0
47386.02,10975.264,7278.738,1.0
47460.73,10963.986,7280.424,1.0
47407.844,10897.759,7286.274,1.0
47433.78,10966.952,7294.133,1.0
47402.195,10960.468,7298.5034,1.0
47393.785,10982.382,7298.6826,1.0
47418.92,10964.718,7316.127,1.0
47448.84,10963.723,7322.714,1.0
47438.11,10997.544,7329.121,1.0
47408.008,10974.163,7336.22,1.0
47424.69,10969.645,7339.1226,1.0
47401.1,10962.518,7341.665,1.0
47415.848,10940.66,7348.311,1.0
47466.477,11019.714,7349.259,1.0
47423.66,10981.05,7350.1064,1.0
47450.348,10977.944,7386.4316,1.0
47447.64,10994.056,7393.2544,1.0
47458.906,10997.22,7404.8433,1.0
47413.074,11035.262,7419.38,1.0
47515.824,11055.34,7422.286,1.0
47413.11,11021.983,7425.344,1.0
47448.305,11016.034,7435.3506,1.0
47402.438,10973.029,7437.679,1.0
47414.176,10951.681,7440.266,1.0
47534.59,10986.193,7443.8477,1.0
47415.59,10994.46,7449.8115,1.0
47423.695,10975.642,7457.462,1.0
47436.535,11026.156,7482.7246,1.0
47448.15,10968.27,7485.3394,1.0
47340.05,10917.726,7495.2246,1.0
47433.605,10986.379,7496.5254,1.0
47434.848,10970.877,7517.763,1.0
47427.65,11006.057,7526.2534,1.0
47415.438,10967.2,7534.2324,1.0
47411.906,10928.098,7551.269,1.0
47507.54,11030.34,7551.8003,1.0
47475.293,10946.955,7562.653,1.0
47462.375,10994.7295,7565.465,1.0
47368.2,10949.989,7565.9365,1.0
47395.72,10965.841,7566.414,1.0
47422.37,10977.466,7569.783,1.0
47491.066,11045.467,7571.548,1.0
47407.57,10936.427,7572.0273,1.0
47418.414,10944.779,7581.8926,1.0
47421.902,10995.12,7586.479,1.0
47362.375,10994.274,7590.383,1.0
47399.355,10916.601,7614.3955,1.0
47336.97,11049.4375,7617.2607,1.0
47450.348,10981.75,7624.142,1.0
47447.19,11018.9375,7624.925,1.0
47463.67,10981.03,7635.9673,1.0
47459.203,11009.269,7649.5874,1.0
47507.28,10985.326,7653.1294,1.0
47416.246,11034.607,7656.941,1.0
47402.254,11005.842,7661.8843,1.0
47388.066,11034.837,7668.8696,1.0
47464.633,10964.099,7671.9814,1.0
47549.223,10999.22,7674.802,1.0
47413.51,11011.295,7677.792,1.0
47450.195,10988.498,7680.943,1.0
47316.69,10947.175,7683.597,1.0
47384.246,10985.163,7688.845,1.0
47405.098,10995.305,7693.3364,1.0
47383.63,10967.703,7693.3535,1.0
47436.406,11023.71,7693.3853,1.0
47479.42,10948.631,7699.9824,1.0
47476.113,10910.989,7705.0444,1.0
47504.56,10936.763,7705.991,1.0
47489.973,10863.653,7706.94,1.0
47550.875,10850.791,7709.07,1.0
47525.06,10802.392,7719.7764,1.0
47613.21,10817.501,7725.5293,1.0
47659.26,10719.805,7726.3247,1.0
47629.01,10729.129,7729.2173,1.0
47745.8,10751.418,7732.562,1.0
47714.02,10665.303,7734.5737,1.0
47717.45,10606.393,7734.7056,1.0
47714.473,10579.205,7739.5454,1.0
47837.414,10619.7,7740.745,1.0
47874.277,10578.3,7756.384,1.0
47877.496,10541.969,7758.252,1.0
47900.97,10441.854,7758.5303,1.0
47980.703,10486.1455,7760.425,1.0
47958.863,10438.499,7764.7314,1.0
47980.27,10425.284,7773.3887,1.0
47982.957,10365.937,7788.034,1.0
48043.184,10333.16,7799.2207,1.0
48031.734,10351.106,7799.381,1.0
48090.773,10285.437,7804.115,1.0
48097.504,10268.692,7808.7188,1.0
48175.434,10248.385,7810.3022,1.0
48168.105,10194.654,7811.369,1.0
48214.832,10169.324,7815.159,1.0
48313.652,10122.925,7820.217,1.0
48324.56,10107.772,7822.296,1.0
48313.87,10043.516,7823.9736,1.0
48368.098,10052.111,7830.1826,1.0
48332.145,10014.348,7835.761,1.0
48422.71,10004.729,7842.242,1.0
48372.555,9955.895,7861.936,1.0
48493.367,9941.962,7862.7637,1.0
48439.246,9959.03,7862.955,1.0
48543.07,9907.289,7863.0986,1.0
48565.137,9837.181,7878.1113,1.0
48488.46,9838.614,7878.3755,1.0
48508.836,9856.03,7879.329,1.0
48578.598,9819.729,7879.7236,1.0
48559.19,9755.234,7882.0176,1.0
48570.56,9765.932,7888.81,1.0
48520.043,9688.15,7891.8564,1.0
48568.176,9795.335,7894.793,1.0
48534.375,9889.02,7901.889,1.0
48597.246,9715.908,7902.781,1.0
48565.61,9842.89,7913.612,1.0
48605.92,9770.338,7919.9946,1.0
48550.637,9807.12,7923.826,1.0
48534.254,9761.76,7925.449,1.0
48573.957,9685.364,7926.8594,1.0
48607.773,9744.398,7933.1685,1.0
48519.023,9727.806,7936.896,1.0
48562.715,9740.559,7945.446,1.0
48538.105,9748.141,7947.6475,1.0
48555.668,9733.456,7949.5947,1.0
48540.13,9755.174,7957.787,0.0
48467.207,9827.817,7960.286,0.0
48537.188,9742.625,7961.443,0.0
48456.33,9780.473,7961.469,0.0
48500.348,9840.383,7964.0054,0.0
48335.52,9824.762,7968.8247,0.0
48385.188,9875.045,7974.0625,0.0
48267.336,9827.732,7979.8545,0.0
48051.496,9936.142,7980.394,0.0
47858.383,9946.385,7983.3643,0.0
47561.047,9973.091,7983.834,0.0
47231.32,10005.112,7988.344,0.0
46950.477,10044.4,7989.149,0.0
46634.098,9954.879,8000.64,0.0
46375.99,10046.724,8002.073,0.0
46068.68,10007.644,8002.5415,0.0
45839.13,10126.656,8004.1177,0.0
45638.293,10084.335,8005.5215,0.0
45426.8,10036.582,8013.6875,0.0
45355.7,10089.407,8027.342,0.0
45132.48,10373.762,8041.253,0.0
44958.414,10376.211,8049.4375,0.0
44912.06,10540.884,8049.4585,0.0
44715.07,10570.268,8054.7925,0.0
44463.055,10605.682,8060.449,0.0
44447.586,10675.02,8068.4023,0.0
44303.297,10642.036,8072.9917,0.0
44271.87,10712.517,8074.41,0.0
44290.145,10777.137,8082.292,0.0
44214.547,10859.612,8083.517,0.0
44191.523,10888.235,8085.4556,0.0
44195.953,10900.828,8085.6836,0.0
44157.81,10962.635,8100.164,0.0
44117.562,11044.482,8104.205,0.0
44179.8,11064.717,8105.309,0.0
44160.848,11077.149,8109.0854,0.0
44169.35,11152.707,8110.648,0.0
44146.715,11099.3955,8115.458,0.0
44181.258,11074.172,8119.6807,0.0
44173.406,11064.185,8120.929,0.0
44238.3,11098.541,8140.6074,0.0
44270.363,11087.097,8158.7354,0.0
44202.89,11064.914,8161.1797,0.0
44222.3,11062.635,8161.1934,0.0
44260.95,11079.775,8180.788,0.0
44239.46,10952.336,8212.58,0.0
44321.004,11007.194,8252.829,0.0
44397.92,10995.945,8255.128,0.0
44379.406,11051.403,8256.731,0.0
44522.562,11054.795,8258.849,0.0
44427.688,10953.701,8259.706,0.0
44498.11,10968.15,8267.218,0.0
44451.203,10926.937,8275.198,0.0
44511.52,11023.9375,8279.271,0.0
44478.586,10926.969,8287.445,0.0
44520.902,10934.829,8291.705,0.0
44573.2,11004.6875,8294.036,0.0
44522.215,10939.0625,8308.976,0.0
44583.227,10957.092,8310.054,0.0
44531.0,10948.505,8321.897,0.0
44681.156,10976.845,8326.339,0.0
44730.02,10931.715,8347.814,0.0
44706.383,10936.305,8348.228,0.0
44761.594,10982.715,8350.764,0.0
44791.156,10919.76,8354.082,0.0
44808.62,10970.132,8372.214,0.0
44764.496,10928.063,8384.56,0.0
44660.062,10938.262,8388.948,0.0
44722.402,10979.701,8395.776,0.0
44640.277,11016.077,8403.37,0.0
44757.613,11041.39,8408.258,0.0
44728.03,11057.059,8447.607,0.0
44723.863,11077.822,8447.711,0.0
44681.273,11057.097,8477.917,0.0
44724.156,11026.172,8488.276,0.0
44710.902,11095.874,8505.826,1.0
44710.39,11062.67,8516.552,1.0
44609.98,11092.036,8522.214,1.0
44719.46,11088.416,8535.759,1.0
44543.062,11083.171,8537.007,1.0
44544.523,11033.117,8563.4375,1.0
44592.867,11100.364,8590.748,1.0
44686.668,11116.642,8612.028,1.0
44777.7,11071.858,8613.892,1.0
44676.773,11131.289,8615.378,1.0
44512.38,11064.221,8622.821,1.0
44706.297,11092.757,8628.058,1.0
44580.836,11076.301,8646.256,1.0
44552.492,11056.067,8661.441,1.0
44675.395,10999.314,8693.581,1.0
44633.42,10981.409,8711.728,1.0
44712.89,10999.532,8725.591,1.0
44675.46,11020.074,8731.985,1.0
44699.535,10950.26,8731.993,1.0
45009.24,11015.989,8754.316,1.0
44919.08,10890.248,8756.662,1.0
45014.465,10942.798,8760.1455,1.0
45020.81,10805.191,8766.445,1.0
45077.332,10759.715,8767.487,1.0
45186.69,10757.558,8769.486,1.0
45150.137,10694.096,8769.588,1.0
45217.168,10599.025,8781.164,1.0
45207.855,10591.733,8781.2705,1.0
45355.938,10518.538,8790.191,1.0
45353.15,10495.405,8794.218,1.0
45286.344,10464.474,8800.318,1.0
45446.293,10421.8,8805.336,1.0
45497.574,10334.085,8815.741,1.0
45502.633,10317.261,8816.896,1.0
45576.88,10244.106,8832.179,1.0
45610.918,10199.181,8838.832,1.0
45664.82,10178.668,8841.877,1.0
45647.34,10137.304,8845.386,1.0
45726.516,10113.431,8859.998,1.0
45740.57,10066.434,8867.453,1.0
45835.156,10028.825,8875.253,1.0
45846.418,10013.489,8879.845,1.0
45905.98,9958.166,8886.924,1.0
45918.65,9926.003,8892.983,1.0
45980.906,9907.583,8900.274,1.0
46014.125,9918.146,8900.754,1.0
46077.082,9895.661,8901.647,1.0
46052.16,9847.026,8904.042,1.0
46150.465,9751.959,8906.185,1.0
46174.082,9744.009,8924.954,1.0
46197.105,9696.985,8940.191,1.0
46185.332,9798.478,8943.709,1.0
46264.49,9710.026,8948.918,1.0
46229.926,9785.294,8949.325,1.0
46301.27,9660.219,8953.562,1.0
46309.37,9598.382,8959.937,1.0
46345.312,9635.914,8973.255,1.0
46330.477,9690.12,8978.597,1.0
46340.2,9626.411,8980.925,1.0
46318.934,9586.625,8987.172,1.0
46413.23,9586.469,8990.795,1.0
46477.65,9585.177,8992.096,1.0
46422.027,9598.716,8997.247,1.0
46522.773,9565.916,8999.356,1.0
46400.22,9584.811,8999.4375,1.0
46464.758,9579.025,9008.854,1.0
46481.71,9562.237,9011.502,1.0
46464.188,9540.254,9015.138,1.0
46490.316,9586.402,9028.559,1.0
46491.36,9515.458,9031.115,1.0
46454.38,9520.316,9046.888,1.0
46468.906,9522.984,9053.278,1.0
46487.156,9542.244,9064.742,1.0
46487.465,9537.233,9067.772,1.0
46494.34,9544.187,9068.445,1.0
46315.227,9595.848,9069.051,0.0
46261.24,9618.905,9073.937,0.0
46337.07,9686.017,9077.322,0.0
46281.65,9677.642,9087.0,0.0
46308.69,9671.816,9087.521,0.0
46267.58,9710.809,9094.36,0.0
46354.26,9655.779,9096.5,0.0
46404.188,9697.031,9106.162,0.0
46436.703,9678.618,9112.395,0.0
46527.938,9694.46,9116.092,0.0
46646.9,9647.72,9118.243,0.0
46777.52,9671.299,9124.809,0.0
46894.746,9646.763,9153.983,0.0
46927.5,9651.98,9168.627,0.0
47063.164,9625.737,9179.468,0.0
47154.58,9639.427,9182.579,0.0
47350.902,9639.395,9187.609,0.0
47363.367,9619.545,9217.305,0.0
47438.836,9603.013,9224.093,0.0
47449.258,9603.162,9230.973,0.0
47541.203,9604.729,9244.2705,0.0
47520.258,9602.283,9245.051,0.0
47787.414,9578.75,9245.782,0.0
47675.535,9611.444,9254.324,0.0
47896.355,9590.253,9276.243,0.0
47918.934,9579.966,9287.386,0.0
47966.74,9580.632,9295.4795,0.0
47999.246,9590.606,9304.974,0.0
48027.023,9582.886,9305.57,0.0
48036.984,9583.019,9305.729,0.0
48195.277,9575.584,9316.675,0.0
48139.21,9574.367,9332.047,0.0
48173.23,9592.192,9344.022,0.0
48075.973,9596.81,9345.628,0.0
48119.336,9612.673,9354.303,0.0
48250.45,9596.296,9363.874,0.0
48113.324,9590.931,9364.216,0.0
48101.438,9605.434,9377.913,0.0
48159.688,9634.128,9383.041,0.0
48264.316,9638.08,9400.052,0.0
48260.81,9629.078,9401.702,0.0
48124.715,9623.39,9403.71,0.0
48271.07,9628.097,9406.602,0.0
48180.242,9626.164,9441.535,0.0
48304.992,9649.369,9447.056,0.0
48323.074,9629.194,9467.585,0.0
48238.96,9657.69,9468.111,0.0
48295.09,9647.804,9478.176,0.0
48327.945,9648.025,9485.348,0.0
48336.863,9666.636,9485.919,0.0
48266.074,9657.866,9495.908,0.0
48241.707,9691.299,9502.29,0.0
48198.03,9688.319,9505.679,0.0
48251.004,9691.852,9510.024,0.0
48238.02,9707.097,9511.875,0.0
48252.195,9738.678,9543.039,0.0
48378.453,9717.58,9546.142,0.0
48327.08,9688.334,9550.306,0.0
48200.125,9743.096,9554.131,0.0
48173.77,9783.66,9559.031,0.0
48241.418,9715.377,9559.693,0.0
48244.176,9750.507,9584.061,0.0
48343.53,9691.389,9584.676,0.0
48239.95,9756.36,9589.7705,0.0
48246.54,9723.604,9590.745,0.0
48286.504,9696.664,9598.166,0.0
48280.7,9734.907,9601.673,0.0
48303.645,9766.622,9605.458,0.0
48343.047,9726.562,9619.365,0.0
48291.176,9701.878,9621.348,0.0
48313.848,9762.49,9627.517,0.0
48277.17,9784.612,9629.87,0.0
48304.496,9754.592,9636.003,0.0
48348.79,9719.706,9640.336,0.0
48364.223,9677.245,9641.21,0.0
48310.63,9752.176,9642.531,0.0
48396.8,9757.444,9643.81,0.0
48457.926,9680.545,9644.812,0.0
48334.914,9720.01,9645.654,0.0
48439.78,9717.868,9660.707,0.0
48499.895,9740.614,9662.148,0.0
48382.207,9721.031,9666.925,0.0
48483.832,9734.741,9670.579,0.0
48374.04,9734.808,9680.11,0.0
48495.453,9715.825,9680.264,0.0
48633.06,9699.073,9684.68,0.0
48399.31,9740.806,9696.493,0.0
48438.258,9764.589,9699.54,0.0
48495.695,9740.857,9701.065,0.0
48440.438,9750.644,9701.697,0.0
48490.07,9735.88,9711.307,0.0
48591.133,9780.85,9712.826,0.0
48564.363,9728.109,9714.158,0.0
48510.49,9741.085,9730.632,0.0
48500.53,9768.704,9732.607,0.0
48578.42,9749.293,9749.316,0.0
48553.887,9730.76,9752.733,0.0
48597.445,9744.093,9767.135,0.0
48548.25,9770.397,9770.951,0.0
48630.24,9730.476,9792.632,0.0
48520.605,9696.1,9819.339,0.0
48480.676,9680.441,9846.226,1.0
48510.652,9776.037,9847.873,1.0
48499.547,9759.634,9848.079,1.0
48445.316,9690.399,9849.46,1.0
48417.22,9713.363,9851.676,1.0
48418.277,9721.781,9854.701,1.0
48389.69,9724.2705,9868.609,1.0
48372.434,9709.43,9879.141,1.0
48282.453,9704.6045,9907.1455,1.0
48197.38,9645.494,9910.108,1.0
48196.273,9647.864,9911.883,1.0
48155.04,9638.357,9937.595,1.0
48055.34,9717.199,9945.577,1.0
47872.043,9719.464,9973.381,1.0
47938.06,9599.768,9974.451,1.0
47843.055,9651.759,9977.074,1.0
47759.023,9571.349,9993.461,1.0
47774.53,9583.591,9995.238,1.0
47702.734,9681.438,10001.819,1.0
47586.355,9669.313,10007.993,1.0
47538.74,9632.556,10012.416,1.0
47508.805,9642.245,10012.677,1.0
47397.53,9632.287,10014.449,1.0
47388.223,9668.274,10023.618,1.0
47324.254,9588.863,10024.441,1.0
47256.043,9649.829,10026.289,1.0
47155.53,9623.632,10027.59,1.0
47155.426,9602.421,10030.033,1.0
47050.26,9621.735,10031.16,1.0
46992.2,9657.827,10039.332,1.0
46929.35,9685.859,10059.35,1.0
46938.445,9663.05,10064.521,1.0
46958.742,9584.971,10067.845,1.0
46923.145,9707.217,10072.633,1.0
46909.19,9728.711,10080.779,1.0
46839.504,9638.064,10083.753,1.0
46693.773,9659.915,10086.25,1.0
46730.023,9624.961,10092.468,1.0
46639.11,9702.767,10095.083,1.0
46588.13,9706.433,10099.784,1.0
46612.875,9628.399,10128.395,1.0
46545.28,9629.777,10132.978,1.0
46514.008,9662.246,10137.0,1.0
46409.195,9682.809,10137.576,1.0
46498.1,9637.43,10146.025,1.0
46410.223,9632.652,10147.701,1.0
46432.434,9653.658,10168.442,1.0
46374.793,9631.775,10172.432,1.0
46350.01,9625.505,10185.261,1.0
46337.402,9679.155,10186.511,1.0
46292.355,9659.714,10190.747,1.0
46234.234,9628.702,10194.04,1.0
46278.547,9632.3125,10194.272,1.0
46289.71,9604.912,10197.728,1.0
46251.24,9612.712,10205.055,1.0
46237.094,9651.322,10207.558,1.0
46207.523,9648.942,10207.93,1.0
46185.47,9608.796,10223.348,1.0
46137.887,9695.631,10226.272,1.0
46238.395,9621.272,10232.62,1.0
46159.44,9610.406,10233.701,1.0
46200.727,9613.87,10247.934,1.0
46233.523,9657.002,10263.102,1.0
46165.83,9677.326,10264.009,1.0
46189.5,9661.489,10274.947,1.0
46164.727,9633.698,10280.223,1.0
46090.6,9622.015,10281.2295,1.0
46179.797,9603.846,10297.877,1.0
46196.645,9685.913,10299.988,1.0
46137.61,9681.338,10310.085,1.0
46102.496,9865.772,10325.713,1.0
46193.242,9643.278,10335.028,1.0
46230.957,9601.2,10342.838,1.0
46139.43,9640.677,10346.548,1.0
46144.312,9627.16,10354.643,1.0
46260.87,9643.641,10372.364,1.0
46165.035,9703.121,10384.017,0.0
46157.297,9739.39,10393.013,0.0
46254.312,9707.143,10419.6455,0.0
46190.746,9697.145,10426.939,0.0
46337.926,9732.093,10431.37,0.0
46275.188,9678.716,10454.772,0.0
46244.27,9696.971,10470.322,0.0
46304.332,9726.958,10476.447,0.0
46481.12,9728.268,10482.963,0.0
46571.25,9759.068,10491.662,0.0
46676.18,9717.94,10496.058,0.0
46692.758,9705.379,10554.042,0.0
46747.477,9728.304,10565.324,0.0
47537.79,9665.536,10604.385,0.0
47750.9,9617.349,10609.79,0.0
47656.324,9671.408,10664.183,0.0
47762.715,9620.58,10694.8955,0.0
48029.098,9601.084,10701.586,0.0
48142.508,9624.467,10710.177,0.0
48371.21,9595.273,10714.32,0.0
48398.336,9606.09,10718.309,0.0
48685.246,9562.826,10753.132,0.0
48825.402,9593.276,10763.611,0.0
48784.04,9618.352,10774.431,0.0
48982.184,9585.618,10775.453,0.0
48977.465,9592.404,10775.787,0.0
49543.0,9567.629,10778.1875,0.0
49505.875,9609.599,10778.675,0.0
49544.85,9602.583,10781.291,0.0
49516.31,9599.103,10787.905,0.0
49461.06,9634.161,10791.121,0.0
49510.33,9644.113,10795.15,0.0
49521.395,9653.516,10800.781,0.0
49549.79,9689.866,10822.772,0.0
49522.996,9768.553,10823.374,0.0
49437.707,9820.774,10826.498,0.0
49521.82,9939.813,10850.68,0.0
49464.465,10037.738,10859.662,0.0
49482.395,10245.1045,10864.266,0.0
49516.734,10413.479,10865.615,0.0
49417.4,10465.163,10866.487,0.0
49461.793,10624.354,10873.233,0.0
49388.63,10643.311,10879.616,0.0
49492.875,10757.751,10896.603,0.0
49458.42,10978.521,10899.573,0.0
49413.85,11044.559,10901.198,0.0
49500.2,11227.094,10903.079,0.0
49511.58,11343.219,10905.922,0.0
49479.277,11552.945,10933.377,0.0
49460.2,11656.326,10940.506,0.0
49472.793,11772.898,10942.353,0.0
49496.043,11958.91,10943.622,0.0
49458.168,12059.918,10954.568,0.0
49440.254,12147.86,10959.253,0.0
49357.63,12333.22,10960.383,0.0
49425.19,12366.863,10960.79,0.0
49306.04,12469.385,10964.661,0.0
49247.203,12540.771,10972.548,0.0
49320.395,12695.284,10977.965,0.0
49250.9,12704.925,10984.1875,0.0
49060.816,12795.226,11003.933,0.0
49097.06,12903.803,11004.265,0.0
48941.484,13031.195,11012.265,0.0
49039.617,13192.561,11012.36,0.0
48912.52,13345.052,11015.821,0.0
48770.605,13533.596,11015.957,0.0
48715.97,13666.06,11017.499,0.0
48618.875,13789.627,11020.558,0.0
48534.195,13842.738,11022.969,0.0
48436.793,14012.83,11033.454,0.0
48342.152,14038.025,11036.134,0.0
48252.715,14140.463,11044.508,0.0
48198.473,14159.1045,11045.246,0.0
48143.816,14268.653,11051.691,0.0
48121.164,14418.855,11052.992,0.0
47949.555,14389.175,11053.792,0.0
47888.383,14521.326,11056.331,0.0
47858.63,14583.761,11059.533,0.0
47776.92,14595.145,11061.788,0.0
47735.0,14645.734,11064.46,0.0
47669.32,14673.913,11064.496,0.0
47630.312,14624.508,11066.227,0.0
47592.355,14653.065,11073.697,0.0
47535.168,14715.345,11080.93,0.0
47544.086,14700.594,11084.566,0.0
47492.24,14688.577,11085.784,0.0
47477.797,14711.6,11091.618,0.0
47496.234,14699.988,11097.276,0.0
47473.19,14701.585,11102.177,0.0
47461.07,14632.549,11107.757,0.0
47483.844,14653.123,11109.081,0.0
47462.742,14655.511,11116.846,0.0
47447.617,14659.846,11123.43,0.0
47375.27,14624.352,11133.4375,0.0
47422.84,14585.878,11133.837,0.0
47360.54,14595.951,11134.984,0.0
47415.035,14582.637,11143.568,0.0
47365.09,14563.725,11155.364,0.0
47380.04,14597.714,11155.465,0.0
47392.65,14601.416,11158.394,0.0
47414.402,14602.429,11163.186,0.0
47382.87,14583.911,11164.596,0.0
47434.953,14602.781,11165.183,0.0
47321.79,14561.717,11167.255,0.0
47466.84,14541.797,11167.398,0.0
47416.164,14520.052,11183.345,0.0
47356.05,14605.062,11191.099,0.0
47408.67,14617.84,11198.471,0.0
47382.18,14600.931,11208.358,0.0
47381.18,14620.5,11219.383,0.0
47368.656,14557.103,11227.098,0.0
47343.46,14590.872,11232.889,0.0
47325.11,14671.511,11242.933,0.0
47361.203,14635.824,11251.773,0.0
47373.184,14594.982,11253.026,0.0
47390.773,14642.182,11259.009,0.0
47298.37,14629.852,11263.071,0.0
47307.996,14633.52,11265.295,0.0
47264.625,14655.07,11274.396,0.0
47343.375,14644.426,11282.993,0.0
47295.527,14675.455,11289.575,0.0
47261.676,14690.299,11290.736,0.0
47222.668,14701.395,11295.374,0.0
47281.367,14678.483,11310.447,0.0
47181.098,14707.89,11312.029,0.0
47229.0,14709.69,11322.809,0.0
47172.23,14692.369,11326.406,0.0
47225.125,14687.217,11327.902,0.0
47183.69,14704.516,11331.767,0.0
47146.684,14678.34,11334.739,0.0
47139.98,14725.299,11334.808,0.0
47114.855,14712.359,11340.89,0.0
47129.9,14709.621,11344.452,0.0
47073.97,14687.408,11351.502,0.0
47100.645,14666.827,11355.029,0.0
47086.367,14703.247,11356.521,0.0
47162.87,14718.001,11361.545,0.0
47157.57,14663.527,11368.535,0.0
47162.664,14692.794,11375.174,0.0
47107.84,14693.344,11387.891,0.0
47137.42,14693.078,11390.595,0.0
47115.63,14702.59,11400.97,0.0
47096.664,14683.82,11402.839,0.0
47092.46,14687.984,11409.031,0.0
47105.742,14670.277,11411.682,0.0
47116.402,14694.727,11411.828,0.0
47083.457,14643.846,11415.059,0.0
47125.434,14655.115,11417.495,0.0
47101.043,14693.985,11418.583,0.0
47104.74,14663.914,11429.268,0.0
47128.473,14657.964,11432.05,0.0
47158.88,14612.446,11442.601,0.0
47087.406,14681.741,11445.727,0.0
47088.78,14658.45,11448.908,0.0
47141.668,14679.787,11449.176,0.0
47117.844,14622.617,11452.294,0.0
47103.03,14670.833,11457.962,0.0
47084.113,14670.272,11460.191,0.0
47150.3,14622.988,11461.028,0.0
47093.26,14641.151,11471.576,0.0
47101.445,14669.226,11472.1875,0.0
47171.168,14616.027,11476.954,0.0
47151.32,14664.17,11491.881,0.0
47168.363,14633.196,11505.822,0.0
47102.0,14652.451,11508.457,0.0
47134.7,14665.528,11515.964,0.0
47089.348,14690.173,11523.649,1.0
47119.24,14663.854,11529.087,1.0
47175.06,14646.909,11539.095,1.0
47116.473,14680.884,11551.782,1.0
47107.98,14679.039,11553.189,1.0
47070.156,14647.977,11553.397,1.0
47153.883,14678.595,11564.562,1.0
47165.22,14673.456,11575.085,1.0
47134.7,14631.222,11592.584,1.0
47174.496,14683.4,11595.64,1.0
47074.496,14643.745,11596.548,1.0
47139.41,14681.809,11601.323,1.0
47121.69,14663.753,11601.665,1.0
47152.13,14687.753,11603.599,1.0
47157.305,14668.52,11642.669,1.0
47087.586,14652.875,11643.884,1.0
47251.996,14679.441,11669.367,1.0
47154.234,14661.909,11675.4795,1.0
47223.848,14655.913,11679.731,1.0
47160.22,14655.94,11679.773,1.0
47313.91,14636.982,11689.231,1.0
47341.734,14633.09,11689.729,1.0
47437.406,14571.565,11703.264,1.0
47440.223,14509.424,11704.104,1.0
47493.152,14557.104,11707.306,1.0
47515.19,14512.976,11712.52,1.0
47586.406,14489.168,11716.609,1.0
47631.305,14351.301,11729.558,1.0
47730.188,14481.513,11736.06,1.0
47771.234,14288.216,11738.773,1.0
47822.84,14276.358,11746.573,1.0
47878.887,14182.652,11753.429,1.0
47921.945,14208.387,11753.9375,1.0
48043.805,14174.726,11754.431,1.0
48104.637,14107.832,11759.489,1.0
48155.676,14051.405,11765.198,1.0
48160.215,13999.769,11791.462,1.0
48287.34,14015.762,11804.482,1.0
48287.773,13989.298,11808.269,1.0
48278.598,13926.018,11811.646,1.0
48400.062,13939.455,11828.937,1.0
48480.7,13897.037,11831.811,1.0
48515.477,13862.299,11841.136,1.0
48632.73,13834.166,11845.678,1.0
48685.242,13755.396,11850.628,1.0
48673.72,13740.599,11861.434,1.0
48754.89,13747.391,11861.915,1.0
48756.19,13742.58,11876.894,1.0
48816.707,13653.102,11880.688,1.0
48950.562,13601.702,11881.201,1.0
48891.977,13585.739,11887.003,1.0
48975.094,13564.21,11899.262,1.0
49036.36,13505.548,11901.16,1.0
48960.44,13511.121,11918.85,1.0
49017.664,13433.315,11925.231,1.0
49111.355,13417.43,11931.829,1.0
49062.875,13407.574,11934.452,1.0
49161.62,13407.112,11940.285,1.0
49228.074,13337.942,11945.614,1.0
49205.37,13353.532,11948.343,1.0
49211.742,13311.322,11952.434,1.0
49268.707,13250.819,11982.663,1.0
49296.887,13307.257,11983.762,1.0
49289.17,13197.597,11989.349,1.0
49357.89,13195.042,12008.895,1.0
49374.875,13207.662,12025.574,1.0
49503.0,13212.517,12031.645,1.0
49414.168,13158.0,12039.821,1.0
49555.707,13160.6875,12042.6,1.0
49575.242,13177.88,12044.623,1.0
49616.98,13124.606,12071.5205,1.0
49652.293,13050.273,12103.42,1.0
49622.43,13052.659,12115.234,1.0
49683.36,13044.117,12123.767,1.0
49709.344,13064.227,12127.262,1.0
49700.66,12990.746,12129.353,1.0
49728.85,13069.127,12135.303,1.0
49696.457,12936.538,12151.718,1.0
49808.87,12997.412,12154.4,1.0
49793.918,12974.785,12163.504,1.0
49751.684,12924.596,12167.943,1.0
49790.9,12906.054,12195.159,1.0
49822.535,12956.566,12208.969,1.0
49820.348,12953.289,12211.496,1.0
49838.12,12902.504,12221.042,1.0
49857.414,12871.069,12248.811,1.0
49848.023,12912.505,12254.342,1.0
49865.453,12889.982,12262.047,1.0
49874.188,12896.0,12271.303,1.0
49844.85,12828.636,12273.292,1.0
49844.137,12852.822,12284.259,1.0
49879.69,12792.552,12293.539,1.0
49881.688,12849.357,12299.057,1.0
49902.375,12855.248,12316.676,1.0
49880.938,12825.26,12339.767,1.0
49871.58,12810.914,12342.526,1.0
49859.035,12787.003,12383.052,1.0
49941.04,12873.3,12395.152,1.0
49895.527,12834.333,12398.192,1.0
49869.53,12892.19,12398.645,1.0
49914.11,12816.853,12403.938,1.0
49900.2,12813.454,12414.331,1.0
49907.855,12874.211,12454.027,1.0
49915.465,12816.229,12493.792,1.0
49899.31,12801.142,12497.942,1.0
49898.68,12806.261,12499.104,1.0
49880.137,12822.611,12504.8,1.0
49854.805,12806.348,12553.823,1.0
49852.21,12786.119,12626.793,0.0
49796.09,12815.361,12644.586,0.0
49758.656,12836.329,12653.353,0.0
49790.582,12817.192,12671.863,0.0
49799.676,12858.391,12696.9375,0.0
49724.414,12853.301,12744.494,0.0
49769.652,12886.035,12770.764,0.0
49708.49,12902.381,12782.606,0.0
49770.4,12906.212,12784.115,0.0
49724.53,12863.953,12787.436,0.0
49687.2,12814.867,12805.001,0.0
49788.906,12784.873,12806.402,0.0
49745.156,12728.452,12817.573,0.0
49660.36,12672.493,12826.758,0.0
49731.605,12632.829,12829.97,0.0
49751.617,12524.593,12834.608,0.0
49731.734,12477.1875,12837.948,0.0
49675.63,12433.031,12842.73,0.0
49770.41,12430.647,12851.466,0.0
49739.332,12400.603,12862.701,0.0
49739.91,12329.836,12865.149,0.0
49690.336,12328.095,12867.058,0.0
49732.863,12342.494,12868.3545,0.0
49676.246,12347.723,12875.476,0.0
49646.07,12369.758,12879.44,0.0
49620.336,12283.212,12896.4,0.0
49618.324,12381.246,12896.691,0.0
49605.098,12377.971,12903.282,0.0
49502.195,12357.851,12907.036,0.0
49561.555,12359.789,12907.291,0.0
49596.74,12387.369,12908.192,0.0
49511.95,12405.246,12912.56,0.0
49549.26,12393.044,12918.554,0.0
49422.035,12460.8955,12922.947,0.0
49474.61,12410.902,12940.525,0.0
49474.227,12482.379,12940.852,0.0
49474.5,12502.547,12954.913,0.0
49446.496,12481.091,12955.781,0.0
49414.46,12521.191,12957.465,0.0
49519.87,12463.604,12957.507,0.0
49502.55,12507.852,12961.761,0.0
49409.355,12507.739,12963.05,0.0
49495.383,12540.196,12970.116,0.0
49377.977,12505.175,12974.659,0.0
49438.336,12542.04,12982.835,0.0
49471.87,12564.475,12998.127,0.0
49482.395,12560.156,13003.864,0.0
49464.78,12620.242,13005.07,0.0
49329.36,12619.202,13007.543,0.0
49339.645,12633.091,13015.376,0.0
49584.4,12603.184,13020.676,0.0
49560.72,12685.958,13023.366,0.0
49574.73,12696.129,13033.196,0.0
49534.35,12696.546,13036.507,0.0
49513.527,12757.887,13041.725,0.0
49557.195,12739.586,13042.815,0.0
49546.38,12720.427,13047.965,0.0
49516.465,12778.949,13049.386,0.0
49537.61,12775.106,13054.198,0.0
49477.824,12746.258,13056.793,0.0
49624.023,12771.47,13058.496,0.0
49517.656,12794.793,13071.868,0.0
49607.387,12773.256,13072.659,0.0
49656.035,12813.055,13073.511,0.0
49559.426,12778.692,13073.653,0.0
49626.53,12822.912,13102.366,0.0
49539.13,12781.333,13103.472,0.0
49590.023,12836.531,13104.299,0.0
49604.164,12809.433,13108.423,0.0
49556.754,12866.034,13130.773,0.0
49627.918,12856.579,13134.415,0.0
49676.348,12877.318,13143.856,0.0
49608.473,12871.031,13144.737,0.0
49695.145,12824.43,13154.282,0.0
49631.92,12853.102,13161.324,0.0
49530.777,12839.76,13164.194,0.0
49718.67,12837.918,13174.667,0.0
49606.13,12870.257,13175.533,0.0
49645.957,12853.119,13180.295,0.0
49638.188,12846.279,13184.343,0.0
49568.6,12863.813,13187.1455,0.0
49580.832,12880.899,13194.634,0.0
49682.35,12759.246,13197.896,0.0
49662.96,12843.821,13202.155,0.0
49648.13,12861.496,13205.549,0.0
49625.24,12839.125,13221.945,0.0
49687.156,12851.441,13222.085,0.0
49673.227,12890.054,13228.984,0.0
49629.53,12869.544,13229.182,0.0
49732.918,12873.8125,13231.504,0.0
49668.207,12883.725,13236.911,0.0
49730.332,12850.959,13241.349,0.0
49706.285,12839.857,13241.51,0.0
49778.49,12860.921,13252.542,0.0
49766.16,12887.354,13256.928,0.0
49787.742,12859.914,13260.91,0.0
49742.863,12899.926,13262.153,0.0
49727.133,12917.184,13264.312,0.0
49786.824,12876.326,13273.1455,0.0
49716.047,12896.308,13278.361,0.0
49744.58,12876.287,13285.027,0.0
49782.812,12967.742,13295.73,0.0
49819.734,12949.339,13314.201,1.0
49834.6,12950.803,13314.658,1.0
49843.176,12931.938,13315.287,1.0
49816.28,12939.697,13317.226,1.0
49812.46,12913.116,13317.939,1.0
49814.047,12949.869,13318.203,1.0
49789.008,12947.024,13330.42,1.0
49817.34,12982.567,13330.609,1.0
49777.254,12949.136,13331.553,1.0
49736.01,12885.214,13332.324,1.0
49740.434,12951.213,13332.797,1.0
49746.14,12917.238,13340.143,1.0
49680.39,12820.046,13342.692,1.0
49586.79,12811.297,13344.628,1.0
49603.39,12740.817,13347.236,1.0
49562.52,12778.827,13358.0205,1.0
49506.676,12769.644,13358.897,1.0
49452.316,12650.263,13359.609,1.0
49398.043,12659.239,13359.84,1.0
49391.547,12693.096,13363.31,1.0
49258.42,12635.855,13363.539,1.0
49258.742,12613.454,13366.244,1.0
49164.54,12646.634,13374.751,1.0
49073.547,12573.169,13376.913,1.0
49022.49,12605.509,13384.791,1.0
48955.562,12535.688,13388.8125,1.0
48984.645,12535.497,13389.855,1.0
48829.97,12481.033,13399.303,1.0
48834.594,12475.88,13400.853,1.0
48768.727,12464.845,13401.016,1.0
48744.86,12432.402,13402.418,1.0
48706.133,12416.73,13405.606,1.0
48642.05,12331.86,13406.068,1.0
48621.56,12388.931,13410.889,1.0
48534.848,12410.304,13441.654,1.0
48476.35,12320.941,13445.635,1.0
48489.31,12256.234,13453.444,1.0
48458.83,12260.899,13454.985,1.0
48417.492,12213.703,13457.047,1.0
48390.24,12228.156,13468.455,1.0
48446.664,12098.026,13473.679,1.0
48339.152,12101.301,13476.069,1.0
48352.812,12067.481,13503.258,1.0
48327.58,12074.593,13505.074,1.0
48243.008,12073.382,13517.219,1.0
48209.016,12058.955,13526.43,1.0
48251.887,11974.953,13531.495,1.0
48214.4,11955.051,13535.958,1.0
48164.96,11936.01,13539.734,1.0
48158.453,11937.537,13541.388,1.0
48092.707,11847.937,13543.2295,1.0
48099.72,11830.82,13546.011,1.0
48109.24,11779.071,13548.339,1.0
48047.95,11808.274,13551.266,1.0
48033.492,11782.287,13557.404,1.0
48054.465,11777.288,13569.346,1.0
47990.77,11699.29,13572.976,1.0
47964.23,11749.385,13575.986,1.0
47942.066,11756.988,13581.996,1.0
47948.18,11705.08,13584.534,1.0
47958.16,11678.338,13586.927,1.0
47946.086,11681.759,13586.983,1.0
47863.14,11608.433,13597.617,1.0
47877.94,11585.5205,13606.261,1.0
47915.938,11622.76,13635.287,1.0
47795.6,11553.286,13638.386,1.0
47795.26,11559.601,13652.478,1.0
47870.652,11567.563,13652.877,1.0
47800.973,11517.09,13656.068,1.0
47826.984,11464.611,13661.047,1.0
47799.78,11496.648,13671.583,1.0
47770.727,11476.367,13676.033,1.0
47784.4,11489.507,13679.483,1.0
47715.402,11413.645,13691.718,1.0
47729.39,11420.158,13693.856,1.0
47722.895,11422.899,13706.31,1.0
47715.72,11371.928,13709.684,1.0
47741.402,11394.39,13719.66,1.0
47740.402,11305.608,13722.728,1.0
47717.637,11398.08,13724.879,1.0
47709.17,11285.107,13729.236,1.0
47643.53,11255.84,13738.169,1.0
47686.344,11320.097,13741.297,1.0
47701.76,11278.73,13747.497,1.0
47674.086,11229.841,13757.914,1.0
47686.727,11217.338,13759.797,1.0
47696.17,11262.996,13770.723,1.0
47611.8,11162.273,13779.607,1.0
47700.35,11168.491,13782.343,1.0
47669.652,11186.164,13791.746,1.0
47633.375,11217.147,13792.65,1.0
47612.652,11144.304,13793.383,1.0
47563.727,11094.14,13796.294,1.0
47601.016,11179.973,13804.9,1.0
47575.44,11087.792,13804.914,1.0
47586.145,11004.887,13805.144,1.0
47592.496,11079.125,13816.838,1.0
47520.055,11006.511,13837.084,1.0
47576.82,11032.811,13837.765,1.0
47477.47,11041.639,13838.683,1.0
47503.1,11047.058,13845.063,1.0
47453.402,11042.745,13848.08,1.0
47468.234,10958.874,13878.357,1.0
47475.758,11004.152,13881.563,1.0
47431.23,11031.589,13882.633,1.0
47454.785,10965.801,13888.135,1.0
47471.246,11074.113,13899.027,1.0
47498.07,11054.686,13919.947,1.0
47422.703,11031.409,13941.323,1.0
47533.438,11088.473,13946.557,1.0
47457.684,10994.984,13947.975,1.0
47514.652,11040.109,13959.639,1.0
47403.25,10937.959,13961.319,1.0
47545.36,11030.505,13989.973,1.0
47482.207,10947.193,13997.023,1.0
47504.457,11041.175,14010.203,0.0
47609.24,11128.964,14017.404,0.0
47635.48,11172.873,14039.77,0.0
47595.125,11198.194,14051.9795,0.0
47646.336,11211.749,14107.239,0.0
47744.406,11311.016,14122.109,0.0
47803.68,11243.382,14140.589,0.0
47853.457,11333.416,14141.128,0.0
47990.59,11353.398,14150.48,0.0
48041.066,11386.422,14198.078,0.0
48242.96,11444.472,14211.062,0.0
48352.54,11402.002,14240.733,0.0
48623.727,11421.402,14240.962,0.0
48822.793,11445.045,14260.039,0.0
48853.67,11465.006,14280.13,0.0
48926.867,11432.759,14284.736,0.0
49102.383,11454.16,14311.347,0.0
49207.6,11491.382,14315.567,0.0
49118.953,11556.1455,14329.809,0.0
49307.848,11589.248,14333.652,0.0
49348.207,11549.922,14369.894,0.0
49485.64,11628.901,14375.942,0.0
49400.918,11684.409,14381.889,0.0
49452.637,11723.814,14419.2,0.0
49528.71,11766.804,14424.569,0.0
49641.79,11777.07,14529.5,0.0
49660.887,11834.476,14575.956,0.0
49777.543,11864.419,14582.786,0.0
49842.56,11954.587,14585.51,0.0
49834.977,11869.149,14589.533,0.0
49884.234,11960.103,14607.99,0.0
49875.645,12002.913,14609.692,0.0
49866.043,11959.334,14616.128,0.0
49838.14,12062.6875,14622.374,0.0
49825.938,12106.701,14622.984,0.0
49874.24,12126.244,14631.149,0.0
49863.984,12154.4,14656.086,0.0
49881.047,12201.584,14660.671,0.0
49876.953,12177.382,14698.419,0.0
49886.145,12224.921,14705.732,0.0
49863.3,12242.494,14715.752,0.0
49911.48,12294.9,14726.794,0.0
49927.777,12236.08,14753.132,0.0
49907.258,12248.319,14758.447,0.0
49879.406,12170.404,14766.174,0.0
49844.88,12267.328,14790.764,0.0
49831.914,12229.928,14794.885,0.0
49872.027,12286.5205,14797.732,0.0
49863.246,12302.824,14811.653,0.0
49821.195,12204.895,14816.651,0.0
49818.773,12266.701,14825.61,0.0
49837.594,12224.156,14826.425,0.0
49820.395,12267.737,14849.63,0.0
49887.46,12198.9795,14854.677,0.0
49803.85,12245.676,14858.686,0.0
49805.48,12269.914,14859.147,0.0
49792.223,12263.501,14867.94,0.0
49791.47,12262.289,14870.895,0.0
49791.797,12305.273,14875.395,0.0
49762.605,12248.133,14879.838,0.0
49771.04,12279.115,14888.51,0.0
49746.004,12272.211,14898.759,0.0
49772.992,12330.677,14900.893,0.0
49798.254,12306.119,14905.985,0.0
49788.887,12325.043,14907.665,0.0
49784.773,12359.843,14918.822,0.0
49773.7,12376.069,14922.664,0.0
49825.492,12392.354,14923.88,0.0
49785.562,12394.529,14928.711,0.0
49776.88,12318.943,14931.902,0.0
49730.938,12404.363,14938.147,0.0
49733.113,12382.145,14940.584,0.0
49755.598,12453.866,14941.653,0.0
49759.637,12469.231,14947.673,0.0
49778.84,12446.874,14948.524,0.0
49755.68,12437.191,14950.81,0.0
49795.145,12366.998,14951.8125,0.0
49764.027,12498.582,14953.839,0.0
49708.81,12489.499,14955.897,0.0
49722.863,12478.037,14956.968,0.0
49696.188,12518.613,14960.435,0.0
49748.992,12524.374,14971.698,0.0
49719.883,12488.494,14977.337,0.0
49775.23,12520.704,14990.357,0.0
49785.023,12518.829,14990.509,0.0
49772.1,12557.528,14991.16,0.0
49736.945,12576.458,14996.019,0.0
49784.977,12484.689,15002.383,0.0
49686.38,12564.717,15010.48,0.0
49694.188,12586.083,15011.952,0.0
49739.816,12542.65,15013.129,0.0
49780.777,12586.048,15035.095,0.0
49808.625,12640.711,15037.053,0.0
49779.805,12604.249,15040.105,0.0
49755.52,12662.831,15043.251,0.0
49746.11,12650.33,15046.241,0.0
49713.953,12653.264,15046.728,0.0
49792.316,12630.911,15050.226,0.0
49789.105,12659.445,15054.67,0.0
49779.836,12738.724,15055.55,0.0
49834.71,12674.246,15063.586,0.0
49736.746,12667.591,15065.114,0.0
49736.81,12727.34,15068.97,0.0
49750.566,12719.879,15073.02,0.0
49762.004,12709.403,15076.707,0.0
49722.14,12749.495,15080.698,0.0
49742.754,12754.341,15099.757,0.0
49765.35,12736.695,15112.124,0.0
49781.64,12752.3125,15114.873,0.0
49747.406,12761.183,15116.151,0.0
49777.918,12749.88,15116.301,0.0
49762.402,12757.833,15121.404,0.0
49779.21,12795.495,15122.681,0.0
49774.684,12743.819,15123.538,0.0
49770.957,12709.851,15129.074,0.0
49706.293,12792.34,15143.868,0.0
49769.875,12813.992,15153.81,0.0
49762.54,12748.719,15162.519,0.0
49697.496,12804.122,15162.943,0.0
49757.734,12770.187,15166.167,0.0
49800.984,12830.649,15167.666,0.0
49727.184,12820.53,15173.942,0.0
49718.34,12808.002,15197.035,0.0
49746.266,12807.793,15200.492,0.0
49757.21,12806.422,15203.0,0.0
49791.594,12792.073,15213.472,0.0
49751.285,12824.922,15218.657,0.0
49778.273,12823.0625,15221.781,1.0
49803.355,12826.175,15223.505,1.0
49809.16,12801.766,15228.61,1.0
49812.05,12818.764,15238.045,1.0
49855.64,12809.358,15241.219,1.0
49834.164,12852.694,15242.343,1.0
49770.16,12851.727,15245.796,1.0
49781.617,12847.275,15249.478,1.0
49857.258,12878.213,15254.214,1.0
49829.906,12872.524,15255.827,1.0
49795.88,12875.732,15257.367,1.0
49784.074,12878.17,15258.689,1.0
49816.176,12885.8955,15264.233,1.0
49792.727,12895.037,15270.112,1.0
49782.754,12880.653,15273.486,1.0
49770.016,12866.917,15274.18,1.0
49847.633,12867.727,15282.181,1.0
49813.258,12848.729,15286.314,1.0
49809.223,12860.839,15286.443,1.0
49767.555,12846.793,15287.143,1.0
49777.816,12795.294,15289.803,1.0
49730.46,12831.033,15293.572,1.0
49785.133,12783.23,15296.139,1.0
49724.94,12763.6,15309.515,1.0
49783.75,12795.969,15310.233,1.0
49644.58,12642.672,15314.013,1.0
49715.387,12643.542,15317.616,1.0
49709.434,12640.384,15320.586,1.0
49640.387,12593.055,15321.214,1.0
49581.72,12534.128,15327.245,1.0
49603.496,12545.213,15335.269,1.0
49635.348,12490.647,15353.704,1.0
49594.78,12453.009,15358.549,1.0
49567.72,12469.046,15370.663,1.0
49588.22,12393.977,15370.886,1.0
49554.6,12383.562,15375.026,1.0
49493.402,12338.0,15377.852,1.0
49485.223,12242.412,15387.45,1.0
49488.246,12257.368,15389.164,1.0
49499.586,12239.6875,15397.684,1.0
49410.63,12198.21,15431.092,1.0
49409.445,12198.054,15435.855,1.0
49392.934,12148.358,15442.685,1.0
49385.44,12145.007,15449.5625,1.0
49367.074,12092.627,15452.996,1.0
49421.63,12084.05,15465.797,1.0
49328.703,12050.646,15477.431,1.0
49303.09,11987.904,15478.95,1.0
49287.695,11952.332,15483.804,1.0
49349.22,11991.611,15495.152,1.0
49293.145,11898.426,15506.195,1.0
49236.953,11873.303,15521.29,1.0
49261.94,11800.263,15528.324,1.0
49257.215,11826.011,15529.1045,1.0
49234.38,11750.653,15538.128,1.0
49252.55,11722.262,15577.549,1.0
49270.152,11725.55,15580.41,1.0
49224.01,11675.972,15586.712,1.0
49240.25,11689.766,15587.846,1.0
49183.22,11689.889,15592.492,1.0
49202.855,11583.702,15593.899,1.0
49149.54,11581.642,15600.667,1.0
49194.125,11552.499,15604.033,1.0
49095.277,11582.466,15615.758,1.0
49141.188,11501.484,15617.874,1.0
49069.355,11531.653,15624.159,1.0
49101.25,11459.274,15628.561,1.0
49112.2,11474.841,15638.808,1.0
49078.113,11381.742,15665.151,1.0
49123.273,11400.005,15683.015,1.0
49130.906,11377.439,15692.908,1.0
49021.473,11359.556,15705.25,1.0
49071.31,11355.287,15707.281,1.0
49018.152,11310.672,15711.742,1.0
49040.34,11343.132,15719.331,1.0
48976.34,11239.463,15742.328,1.0
48995.703,11277.454,15764.399,1.0
48992.125,11225.133,15765.68,1.0
49037.69,11211.251,15767.305,1.0
48938.105,11204.81,15788.885,1.0
48940.008,11107.643,15789.826,1.0
48931.61,11081.947,15799.561,1.0
48984.07,11006.79,15816.64,1.0
48974.227,10996.057,15843.494,1.0
48977.883,11001.614,15846.828,1.0
48937.367,10980.956,15849.849,1.0
48940.664,10947.553,15859.351,1.0
48944.426,10928.062,15861.613,1.0
48942.492,10884.185,15863.048,1.0
48934.316,10797.185,15874.428,1.0
48949.97,10824.865,15886.545,1.0
48965.164,10831.526,15893.464,1.0
48928.53,10766.865,15894.365,1.0
48927.77,10802.755,15903.834,1.0
48939.61,10782.127,15913.75,1.0
48897.074,10728.922,15914.453,1.0
48879.688,10680.416,15919.01,1.0
48829.586,10677.769,15919.671,1.0
48854.19,10671.465,15921.709,1.0
48881.613,10644.301,15922.77,1.0
48806.324,10618.174,15937.568,1.0
48832.086,10595.605,15945.47,1.0
48843.31,10653.952,15975.794,1.0
48834.598,10609.712,15976.865,1.0
48824.027,10618.397,16019.804,1.0
48769.918,10562.637,16021.855,1.0
48799.082,10539.48,16029.656,1.0
48765.4,10504.802,16039.569,1.0
48775.5,10512.665,16045.983,1.0
48755.0,10501.777,16050.272,1.0
48779.605,10522.771,16053.334,1.0
48723.78,10489.508,16054.248,1.0
48758.75,10433.815,16059.163,1.0
48755.438,10454.05,16066.906,1.0
48746.684,10439.571,16069.46,1.0
48723.24,10424.051,16074.947,1.0
48704.32,10374.341,16079.136,1.0
48754.25,10379.456,16083.785,1.0
48694.805,10389.798,16091.459,1.0
48649.543,10405.64,16092.053,1.0
48707.19,10366.215,16094.414,1.0
48652.57,10372.768,16096.442,1.0
48614.254,10335.218,16112.539,1.0
48686.11,10283.717,16115.407,1.0
48702.32,10246.632,16117.544,1.0
48580.598,10284.544,16120.057,1.0
48622.566,10095.959,16133.438,1.0
48683.6,10109.379,16134.969,1.0
48657.766,10135.234,16136.305,1.0
48594.793,10081.496,16146.003,1.0
48650.723,10095.823,16149.563,1.0
48624.215,10115.677,16156.919,1.0
48623.688,10052.232,16163.705,1.0
48591.535,10102.613,16172.914,1.0
48623.215,10017.569,16180.556,1.0
48600.277,10045.966,16184.989,1.0
48596.56,9969.512,16214.139,1.0
48602.188,9915.682,16223.281,1.0
48525.348,10051.176,16225.512,1.0
48489.133,10023.183,16228.789,1.0
48606.01,10017.845,16229.321,1.0
48597.75,9994.906,16240.018,1.0
48525.977,10024.07,16244.89,1.0
48531.996,10024.53,16253.484,1.0
48538.492,9997.01,16261.307,1.0
48570.996,9977.458,16266.267,1.0
48568.08,9972.715,16273.12,1.0
48557.457,10029.989,16274.254,1.0
48542.113,10013.65,16277.664,1.0
48592.527,9943.991,16292.572,1.0
48576.973,9950.41,16298.1,1.0
48541.914,9959.811,16301.584,1.0
48576.42,9970.743,16303.4795,1.0
48481.254,9990.853,16315.13,1.0
48576.332,9917.385,16320.388,1.0
48466.82,9972.267,16336.564,1.0
48567.62,9912.745,16361.787,1.0
48499.473,9965.815,16376.602,1.0
48487.164,9946.09,16377.442,1.0
48536.348,9964.106,16400.482,1.0
48525.727,9985.377,16416.754,1.0
48681.04,9805.136,16419.273,0.0
48676.33,9891.183,16431.39,0.0
48595.07,9981.001,16442.58,0.0
48648.62,9908.111,16443.58,0.0
48636.203,9994.821,16455.764,0.0
48761.246,9941.211,16471.115,0.0
48796.508,10050.45,16479.803,0.0
48741.277,9964.679,16496.885,0.0
48822.242,10009.594,16503.49,0.0
48758.72,10049.957,16509.223,0.0
48855.133,10016.897,16509.592,0.0
48871.574,10059.437,16516.201,0.0
48964.875,9940.129,16529.148,0.0
49043.926,10006.308,16541.04,0.0
48930.59,10119.017,16547.72,0.0
48951.977,10073.025,16562.549,0.0
49067.277,10133.244,16576.121,0.0
49078.223,10167.584,16584.463,0.0
49064.203,10307.795,16589.16,0.0
49119.36,10520.141,16592.396,0.0
49046.438,10647.426,16602.627,0.0
49161.953,10893.926,16603.252,0.0
49224.094,10977.158,16608.508,0.0
49263.95,11204.57,16611.492,0.0
49335.984,11355.731,16611.807,0.0
49328.52,11597.958,16617.783,0.0
49359.348,11823.338,16637.475,0.0
49303.223,12020.517,16639.545,0.0
49345.906,12176.817,16645.432,0.0
49285.426,12348.186,16656.027,0.0
49336.53,12537.628,16683.324,0.0
49271.69,12637.57,16683.906,0.0
49149.375,12802.282,16692.42,0.0
49060.996,12947.464,16702.51,0.0
48938.14,13143.114,16713.768,0.0
48995.523,13320.976,16715.002,0.0
48824.934,13419.97,16733.465,0.0
48874.547,13525.544,16739.275,0.0
48763.99,13581.634,16742.494,0.0
48752.453,13644.9,16752.035,0.0
48715.81,13646.269,16757.176,0.0
48630.113,13730.232,16773.754,0.0
48653.652,13716.33,16776.941,0.0
48618.16,13750.248,16789.967,0.0
48600.02,13751.347,16793.176,0.0
48625.277,13734.545,16793.965,0.0
48535.71,13723.773,16810.412,0.0
48581.75,13794.705,16811.158,0.0
48548.58,13754.033,16817.05,0.0
48554.316,13772.432,16838.613,0.0
48583.344,13716.6,16840.043,0.0
48566.613,13757.841,16840.406,0.0
48551.38,13738.151,16858.67,0.0
48566.137,13795.738,16859.523,0.0
48536.438,13747.21,16866.398,0.0
48494.508,13795.167,16888.059,0.0
48450.938,13736.769,16907.273,0.0
48484.645,13777.967,16915.31,0.0
48436.305,13853.996,16916.332,0.0
48473.8,13838.61,16920.98,0.0
48491.008,13913.633,16921.396,0.0
48425.137,13874.848,16928.729,0.0
48423.78,13935.527,16929.016,0.0
48431.19,13917.481,16939.338,0.0
48459.586,13955.6,16943.613,0.0
48458.543,13955.702,16944.816,0.0
48419.094,14057.192,16954.12,0.0
48458.45,14068.725,16955.258,0.0
48492.402,14140.985,16967.588,0.0
48390.63,14085.02,16974.717,0.0
48453.426,14167.413,16978.377,0.0
48392.215,14138.594,16998.125,0.0
48434.992,14154.943,17000.953,0.0
48428.8,14140.923,17000.986,0.0
48427.75,14147.15,17002.418,0.0
48417.133,14177.163,17032.334,0.0
48436.49,14145.395,17033.66,0.0
48383.625,14128.349,17035.393,0.0
48432.83,14128.186,17039.596,0.0
48452.93,14183.792,17049.266,0.0
48450.344,14128.361,17053.55,0.0
48475.387,14206.477,17054.693,0.0
48467.992,14170.508,17061.76,0.0
48509.574,14196.952,17075.57,0.0
48480.324,14118.964,17075.574,0.0
48465.36,14154.21,17089.53,0.0
48475.5,14136.463,17090.906,0.0
48436.934,14146.937,17098.496,0.0
48443.812,14142.193,17104.848,0.0
48476.426,14145.634,17107.78,0.0
48489.434,14174.176,17123.576,0.0
48449.785,14152.285,17125.947,0.0
48463.63,14212.15,17132.918,0.0
48473.426,14208.469,17136.21,0.0
48437.945,14243.367,17148.496,0.0
48439.73,14158.536,17151.246,0.0
48391.83,14156.099,17154.396,0.0
48371.637,14184.916,17157.771,0.0
48380.973,14214.988,17176.145,0.0
48361.184,14203.477,17178.76,0.0
48395.945,14140.309,17178.879,0.0
48396.484,14231.881,17186.143,0.0
48310.766,14154.782,17189.42,0.0
48393.605,14212.882,17190.475,0.0
48289.613,14237.499,17207.352,0.0
48270.73,14205.58,17213.994,0.0
48241.066,14206.217,17217.38,0.0
48288.254,14210.111,17226.502,0.0
48283.25,14213.472,17229.91,0.0
48322.08,14188.887,17230.762,0.0
48265.773,14170.033,17235.14,0.0
48314.97,14222.596,17237.598,0.0
48262.293,14192.065,17247.477,0.0
48279.86,14179.088,17252.47,0.0
48249.785,14215.814,17252.678,0.0
48289.035,14186.474,17254.578,0.0
48261.703,14198.282,17260.234,0.0
48244.45,14192.967,17261.166,0.0
48255.887,14206.885,17273.38,0.0
48293.41,14177.277,17279.223,0.0
48323.453,14228.89,17284.18,0.0
48276.46,14225.217,17288.074,0.0
48255.06,14177.6045,17288.791,0.0
48252.586,14206.09,17291.424,0.0
48305.03,14177.351,17297.502,0.0
48263.85,14227.864,17297.57,0.0
48245.535,14186.337,17300.076,0.0
48224.324,14177.837,17321.57,0.0
48294.984,14198.824,17322.56,0.0
48253.844,14198.942,17322.846,0.0
48253.273,14166.39,17328.064,0.0
48285.453,14211.439,17332.58,0.0
48224.234,14179.986,17334.373,0.0
48326.625,14122.001,17339.117,0.0
48219.246,14139.142,17344.887,0.0
48231.67,14142.608,17347.686,0.0
48217.684,14140.482,17357.158,0.0
48226.098,14167.656,17359.268,0.0
48242.117,14170.486,17365.496,0.0
48265.062,14194.196,17374.758,0.0
48225.71,14139.78,17376.904,1.0
48188.875,14126.626,17378.291,1.0
48165.094,14103.426,17379.49,1.0
48214.047,14132.292,17380.896,1.0
48203.895,14149.69,17381.646,1.0
48202.926,14166.115,17382.998,1.0
48282.168,14133.73,17385.023,1.0
48295.344,14156.558,17385.852,1.0
48275.89,14145.925,17393.482,1.0
48320.97,14059.333,17395.52,1.0
48287.89,14102.945,17397.883,1.0
48361.934,14119.044,17399.896,1.0
48402.164,14149.291,17415.412,1.0
48471.203,14148.328,17418.234,1.0
48523.293,14124.326,17424.082,1.0
48553.953,14125.034,17426.729,1.0
48719.9,14135.847,17429.453,1.0
48628.125,14086.248,17439.527,1.0
48731.57,14144.264,17440.223,1.0
48715.887,14177.356,17448.32,1.0
48728.977,14151.92,17454.443,1.0
48788.016,14131.687,17454.467,1.0
48799.848,14102.013,17458.121,1.0
48774.81,14169.371,17462.162,1.0
48802.934,14125.484,17464.477,1.0
48812.543,14118.365,17465.691,1.0
48778.117,14090.244,17467.484,1.0
48775.77,14139.988,17476.541,1.0
48797.79,14152.858,17476.812,1.0
48758.31,14102.613,17478.887,1.0
48810.17,14110.412,17479.744,1.0
48786.004,14106.004,17481.826,1.0
48840.83,14130.197,17495.648,1.0
48823.96,14104.386,17504.164,1.0
48825.97,14110.374,17516.604,1.0
48748.69,14028.813,17520.1,1.0
48740.92,14044.474,17524.28,1.0
48859.438,14055.876,17525.018,1.0
48762.85,14011.592,17528.547,1.0
48816.62,13984.515,17528.697,1.0
48834.582,13925.388,17534.152,1.0
48782.707,13901.217,17535.932,1.0
48833.57,13884.018,17536.512,1.0
48847.29,13888.22,17537.559,1.0
48861.234,13850.212,17542.26,1.0
48852.473,13833.109,17545.12,1.0
48823.844,13827.336,17563.658,1.0
48841.168,13838.999,17570.867,1.0
48903.895,13847.675,17573.924,1.0
48828.23,13760.522,17583.242,1.0
48812.574,13837.202,17583.469,1.0
48851.156,13758.001,17583.691,1.0
48813.715,13787.539,17589.164,1.0
48866.758,13770.1,17598.66,1.0
48871.1,13792.39,17605.988,1.0
48815.484,13805.828,17626.068,1.0
48883.445,13822.751,17629.037,1.0
48881.133,13836.445,17631.371,1.0
48854.086,13847.605,17638.355,1.0
48807.777,13861.433,17641.69,1.0
48742.43,13853.977,17642.047,1.0
48742.797,13876.03,17648.902,1.0
48692.617,13907.451,17664.65,1.0
48676.715,13903.058,17676.5,1.0
48633.125,13841.052,17681.098,1.0
48675.957,13891.69,17692.188,1.0
48626.707,13870.097,17711.018,1.0
48624.25,13884.021,17723.182,1.0
48600.07,13909.097,17729.271,1.0
48569.1,13921.377,17736.457,1.0
48536.043,13893.102,17748.64,1.0
48499.797,13873.769,17769.496,1.0
48468.38,13879.675,17776.459,1.0
48501.973,13898.824,17800.47,1.0
48421.49,13873.584,17821.166,1.0
48482.363,13814.648,17835.508,1.0
48393.152,13892.167,17839.992,1.0
48428.348,13898.434,17865.84,1.0
48408.33,13895.199,17882.203,1.0
48436.91,13861.532,17898.506,1.0
48429.406,13863.238,17915.13,1.0
48432.164,13892.377,17931.047,1.0
48370.78,13839.7295,17942.928,1.0
48477.168,13841.256,17946.63,0.0
48489.094,13793.2295,17960.848,0.0
48438.367,13843.899,18004.865,0.0
48420.133,13867.939,18008.338,0.0
48406.277,13897.998,18017.22,0.0
48459.773,13843.831,18017.928,0.0
48432.78,13916.1455,18027.523,0.0
48450.695,13891.745,18039.506,0.0
48475.324,13946.566,18044.871,0.0
48347.99,13928.041,18051.805,0.0
48454.59,13957.674,18055.691,0.0
48375.16,13955.849,18070.254,0.0
48435.19,13977.369,18077.594,0.0
48413.324,14000.834,18112.98,0.0
48410.777,14017.591,18133.045,0.0
48377.324,14040.791,18137.11,0.0
48454.06,14042.054,18159.904,0.0
48386.1,14009.774,18166.486,0.0
48381.438,14056.339,18176.738,0.0
48461.95,14045.29,18188.205,0.0
48416.363,14110.767,18204.379,0.0
48468.914,14086.023,18217.285,0.0
48419.066,14177.396,18221.986,0.0
48438.25,14229.731,18256.432,0.0
48399.188,14200.703,18258.018,0.0
48473.812,14120.494,18265.04,0.0
48379.92,14241.697,18267.658,0.0
48419.793,14215.862,18272.361,0.0
48451.656,14196.736,18274.154,0.0
48425.145,14172.655,18274.459,0.0
48405.7,14220.198,18278.752,0.0
48444.797,14225.743,18291.076,0.0
48431.688,14199.182,18294.475,0.0
48462.195,14196.708,18296.248,0.0
48494.793,14197.015,18308.242,0.0
48516.562,14192.803,18322.047,0.0
48438.227,14152.475,18339.854,0.0
48485.62,14181.944,18340.998,0.0
48399.484,14163.1,18344.908,0.0
48524.09,14192.074,18346.717,0.0
48476.035,14192.254,18347.69,0.0
48456.44,14183.1045,18348.732,0.0
48424.027,14163.821,18353.043,0.0
48447.547,14149.935,18353.133,0.0
48415.652,14148.392,18359.762,0.0
48437.477,14144.874,18363.11,0.0
48431.758,14134.716,18372.586,1.0
48322.184,14095.745,18381.945,1.0
48379.324,14084.837,18393.998,1.0
48278.184,14099.498,18397.867,1.0
48288.85,14135.363,18398.96,1.0
48281.305,14127.198,18406.557,1.0
48233.703,14133.1045,18416.504,1.0
48232.785,14090.597,18442.871,1.0
48130.25,14100.243,18444.78,1.0
48207.453,14142.681,18452.338,0.0
48224.38,14053.729,18453.777,0.0
48140.094,14132.017,18474.11,0.0
48162.695,14129.583,18478.838,0.0
48246.34,14110.087,18478.943,0.0
48252.27,14094.615,18492.785,0.0
48307.656,14097.749,18503.201,0.0
48320.47,14173.599,18511.406,0.0
48432.508,14131.587,18515.77,0.0
48570.816,14117.404,18519.48,0.0
48670.41,14049.574,18534.002,0.0
48823.07,14100.895,18541.877,0.0
48964.883,14079.2,18543.037,0.0
49102.645,14059.543,18545.078,0.0
49160.117,14025.818,18545.572,0.0
49220.13,14034.325,18545.658,0.0
49265.89,14029.927,18547.926,0.0
49302.8,14032.404,18555.564,0.0
49330.477,14038.276,18562.455,0.0
49420.14,13991.42,18566.521,0.0
49438.38,14054.088,18582.422,0.0
49337.863,14018.988,18589.176,0.0
49416.625,14086.621,18596.408,0.0
49439.547,14057.04,18597.934,0.0
49366.066,14144.565,18600.146,0.0
49472.18,14103.114,18614.63,0.0
49470.98,14111.786,18630.787,0.0
49406.992,14097.681,18640.133,0.0
49422.164,14123.273,18652.025,0.0
49345.523,14160.703,18657.875,0.0
49335.01,14100.173,18663.135,0.0
49418.74,14147.278,18676.025,0.0
49295.69,14194.524,18681.955,0.0
49330.51,14232.225,18688.084,0.0
49358.19,14146.449,18691.816,0.0
49237.285,14200.519,18693.1,0.0
49369.566,14174.312,18701.145,0.0
49287.95,14170.267,18706.566,0.0
49219.293,14168.672,18709.654,0.0
49288.2,14161.522,18710.8,0.0
49252.742,14128.918,18713.385,0.0
49200.426,14137.188,18714.732,0.0
49202.25,14158.222,18721.389,0.0
49206.184,14109.431,18733.729,0.0
49247.883,14140.955,18740.488,0.0
49186.98,14135.851,18746.637,0.0
49186.656,14102.53,18756.223,0.0
49182.176,14099.905,18763.633,0.0
49207.973,14130.036,18765.662,0.0
49184.004,14064.594,18765.707,0.0
49216.707,14076.382,18766.352,0.0
49301.97,14122.845,18767.805,0.0
49216.39,14084.656,18774.166,0.0
49241.11,14126.11,18776.121,0.0
49221.395,14117.027,18790.441,0.0
49274.426,14079.501,18796.943,0.0
49190.184,14107.068,18798.904,0.0
49200.566,14093.029,18800.438,0.0
49215.97,14087.075,18800.838,0.0
49211.15,14088.411,18830.246,0.0
49357.812,14080.057,18830.424,0.0
49291.023,14063.567,18834.775,0.0
49227.605,14056.011,18840.357,0.0
49235.645,14069.252,18844.05,0.0
49321.055,14042.634,18844.232,0.0
49241.195,14054.231,18867.494,0.0
49336.46,14067.839,18870.016,0.0
49244.266,14054.7295,18874.54,0.0
49310.395,14064.989,18895.146,0.0
49295.176,14040.812,18896.826,0.0
49251.516,14053.11,18905.93,0.0
49247.008,14048.148,18910.58,0.0
49289.46,14034.182,18919.027,0.0
49340.35,14077.69,18920.545,0.0
49269.234,14037.979,18926.75,0.0
49343.25,14083.983,18938.562,0.0
49333.58,14048.644,18950.525,0.0
49276.42,14058.37,18962.326,0.0
49333.86,14100.918,18977.377,0.0
49336.355,14067.478,18981.31,0.0
49412.496,14100.412,18984.42,0.0
49301.195,14079.954,18988.623,0.0
49265.816,14074.892,18996.688,0.0
49318.86,14065.596,19002.064,0.0
49353.37,14062.271,19008.994,0.0
49282.992,14094.652,19023.783,0.0
49278.754,14036.958,19031.01,0.0
49322.734,14061.84,19031.186,0.0
49330.008,14063.6045,19031.764,0.0
49455.27,14066.426,19031.846,0.0
49431.67,14022.212,19031.945,0.0
49326.344,14036.82,19060.197,0.0
49395.86,14048.44,19067.53,0.0
49424.3,14007.361,19074.217,0.0
49358.43,14038.115,19078.39,0.0
49491.344,14033.78,19081.832,0.0
49356.965,14013.04,19088.062,0.0
49505.14,14044.466,19088.25,0.0
49401.977,14005.673,19089.168,0.0
49387.082,13981.267,19090.652,0.0
49508.29,14014.533,19100.623,0.0
49399.14,13991.146,19103.773,0.0
49448.82,14022.098,19105.414,0.0
49426.72,14025.693,19116.258,0.0
49448.66,14018.822,19116.596,0.0
49435.887,14005.361,19119.44,0.0
49503.797,14018.692,19120.424,0.0
49444.73,13982.989,19130.998,0.0
49525.14,14007.716,19138.969,0.0
49527.523,13966.201,19142.816,0.0
49546.89,14012.103,19143.936,0.0
49471.29,13986.22,19157.025,0.0
49436.406,13999.649,19166.09,0.0
49553.66,13964.824,19169.77,0.0
49471.895,13976.138,19197.674,0.0
49511.586,13951.739,19198.334,0.0
49514.234,13991.473,19206.914,0.0
49574.598,13953.556,19210.455,0.0
49539.715,13995.349,19212.727,0.0
49470.043,14000.936,19213.31,0.0
49510.445,13969.604,19215.754,0.0
49605.24,14001.692,19231.795,0.0
49596.027,13966.573,19234.785,0.0
49542.62,14006.384,19239.28,0.0
49587.945,14002.266,19239.717,0.0
49580.52,13977.171,19254.568,0.0
49557.387,13974.998,19271.79,0.0
49483.05,13995.138,19273.762,0.0
49525.344,13989.764,19280.566,0.0
49525.57,14004.806,19280.697,0.0
49447.18,13995.869,19283.63,0.0
49402.625,14009.632,19300.42,0.0
49481.08,14016.532,19304.117,0.0
49462.363,14031.719,19310.855,0.0
49503.11,14024.261,19318.533,0.0
49487.633,13987.125,19323.77,0.0
49414.594,14028.047,19330.193,0.0
49491.676,14038.622,19338.635,0.0
49496.96,13998.222,19340.506,0.0
49470.715,14035.001,19342.623,0.0
49398.125,14022.523,19343.646,0.0
49529.254,14029.129,19359.777,0.0
49479.25,14025.267,19366.348,0.0
49533.395,14039.583,19366.777,0.0
49541.14,14008.005,19371.451,0.0
49486.45,14036.899,19376.87,0.0
49534.01,14031.398,19377.615,0.0
49532.55,14045.036,19382.922,0.0
49413.848,14032.214,19385.117,0.0
49465.934,14034.207,19399.486,0.0
49409.414,14052.697,19406.566,0.0
49537.113,14054.632,19419.775,0.0
49464.664,14042.458,19423.54,0.0
49502.465,14051.1455,19426.682,0.0
49408.996,14050.975,19432.725,0.0
49478.887,14044.804,19434.623,0.0
49487.746,14057.407,19441.443,0.0
49474.332,14060.214,19442.834,0.0
49566.44,14074.562,19456.807,0.0
49628.785,14017.113,19458.611,0.0
49553.008,14036.121,19464.535,0.0
49635.914,14030.028,19471.895,0.0
49434.746,14052.547,19478.553,0.0
49515.586,14085.633,19483.236,0.0
49623.184,14053.075,19485.04,0.0
49534.85,14038.632,19511.982,0.0
49640.234,14066.751,19518.742,0.0
49592.55,14051.299,19518.86,0.0
49587.777,14035.081,19519.635,0.0
49578.203,14023.312,19524.271,0.0
49558.316,14031.3,19537.94,0.0
49610.09,14023.25,19560.123,0.0
49576.664,13983.328,19566.762,0.0
49639.91,14018.577,19584.287,0.0
49495.035,14004.121,19585.023,0.0
49647.277,14036.55,19590.299,0.0
49561.453,14000.078,19590.957,0.0
49672.12,14011.67,19618.826,0.0
49648.29,14009.279,19668.578,0.0
49601.523,13974.329,19689.357,0.0
49619.18,14005.021,19691.994,0.0
49639.027,13985.486,19697.047,0.0
49700.062,13990.175,19699.012,0.0
49685.54,13994.641,19709.137,0.0
49630.383,13973.724,19722.412,0.0
49630.426,13955.473,19735.709,0.0
49635.977,14005.863,19760.191,0.0
49671.094,13921.221,19771.541,1.0
49659.93,13939.661,19791.922,1.0
49618.81,13975.743,19797.959,1.0
49665.59,14012.131,19799.936,1.0
49648.86,13957.446,19805.863,1.0
49631.67,13975.244,19808.848,1.0
49634.773,13979.04,19817.742,1.0
49640.395,14017.446,19827.504,1.0
49642.727,14021.331,19834.98,1.0
49612.168,14012.339,19842.553,1.0
49676.477,14032.355,19844.19,1.0
49623.605,13929.612,19845.607,1.0
49633.5,14016.339,19852.48,1.0
49621.527,14070.747,19853.93,1.0
49623.723,14047.595,19872.176,1.0
49618.89,14049.246,19875.387,1.0
49547.652,14054.289,19885.791,1.0
49532.098,14066.216,19893.676,1.0
49562.25,14163.006,19897.426,1.0
49472.37,14117.404,19902.08,1.0
49457.14,14092.947,19903.016,1.0
49470.57,14099.402,19907.047,1.0
49484.805,14109.698,19915.818,1.0
49542.426,14198.542,19923.705,1.0
49491.22,14189.761,19930.604,1.0
49470.227,14155.587,19941.572,1.0
49447.043,14202.824,19950.027,1.0
49409.766,14158.209,19968.736,1.0
49442.895,14140.345,19970.027,1.0
49363.062,14045.122,19984.148,1.0
49401.74,14140.413,19992.465,1.0
49348.418,14101.786,20008.217,1.0
49385.29,14111.37,20012.387,1.0
49366.535,14124.618,20016.412,1.0
49292.008,13996.948,20017.145,1.0
49320.766,13958.116,20038.418,1.0
49333.32,13979.259,20042.93,1.0
49369.652,13939.14,20051.54,1.0
49294.94,13927.675,20089.54,1.0
49340.953,13899.34,20091.975,1.0
49363.74,13880.871,20098.75,1.0
49310.742,13858.524,20105.215,1.0
49371.723,13867.774,20111.367,1.0
49360.613,13875.617,20114.688,1.0
49373.746,13876.677,20119.234,1.0
49402.477,13874.673,20121.39,1.0
49472.715,13917.787,20124.383,1.0
49372.07,13836.207,20134.006,1.0
49346.977,13837.998,20138.613,1.0
49403.39,13876.274,20138.945,1.0
49331.31,13869.855,20144.895,1.0
49435.062,13919.63,20149.281,1.0
49370.05,13907.848,20175.766,1.0
49408.83,13934.598,20176.11,1.0
49392.547,13938.614,20193.129,1.0
49388.418,13927.206,20198.438,1.0
49440.07,14002.114,20202.967,1.0
49414.895,14018.851,20206.975,1.0
49347.625,14020.081,20220.816,1.0
49356.086,14081.673,20225.168,1.0
49335.703,14064.969,20227.393,1.0
49308.5,14112.227,20231.947,1.0
49282.89,14140.07,20243.82,1.0
49236.168,14124.417,20246.32,1.0
49299.473,14163.533,20253.15,1.0
49258.535,14171.188,20289.154,1.0
49274.61,14203.81,20309.688,1.0
49226.402,14162.178,20346.555,1.0
49193.766,14152.974,20347.758,1.0
49221.594,14201.901,20350.564,1.0
49223.984,14112.888,20358.053,1.0
49175.688,14185.8955,20358.625,1.0
49205.047,14197.504,20362.055,1.0
49188.684,14162.104,20362.95,1.0
49137.81,14152.395,20368.076,1.0
49138.73,14156.25,20370.842,1.0
49182.117,14110.732,20383.428,1.0
49122.285,14136.541,20388.113,1.0
49112.0,14049.658,20394.61,1.0
49028.137,14032.945,20403.096,1.0
49069.85,14002.145,20411.18,1.0
49153.777,14018.243,20418.06,1.0
49082.63,13916.27,20424.672,1.0
49111.004,13939.813,20424.777,1.0
49124.13,13849.697,20426.385,1.0
49175.66,13878.755,20429.465,1.0
49166.12,13824.87,20431.336,1.0
49189.688,13825.777,20432.59,1.0
49218.434,13831.274,20443.68,1.0
49229.07,13854.6045,20446.234,1.0
49121.336,13780.304,20448.777,1.0
49176.797,13840.978,20449.15,1.0
49213.406,13809.233,20455.0,1.0
49190.027,13800.868,20468.5,1.0
49142.715,13785.952,20476.371,1.0
49126.992,13873.398,20478.914,1.0
49189.707,13918.373,20484.914,1.0
49182.47,13943.324,20493.803,1.0
49220.008,13993.977,20495.695,1.0
49117.54,13949.382,20496.486,1.0
49114.535,13999.346,20501.512,1.0
49088.06,14036.741,20507.19,1.0
49107.707,14112.424,20515.332,1.0
49110.324,14168.49,20520.98,1.0
49094.133,14157.836,20525.46,1.0
48983.6,14144.448,20531.975,1.0
49002.88,14164.775,20534.285,1.0
49028.48,14224.168,20537.459,1.0
48957.492,14245.491,20539.61,1.0
48921.88,14196.102,20539.664,1.0
48942.305,14219.408,20541.406,1.0
48951.24,14185.06,20543.664,1.0
48859.54,14175.417,20546.818,1.0
48880.86,14160.333,20546.89,1.0
48779.17,14170.38,20559.098,1.0
48803.066,14143.863,20561.344,1.0
48856.605,14157.249,20569.918,1.0
48847.664,14109.971,20571.51,1.0
48800.305,14092.251,20572.586,1.0
48822.613,14075.67,20580.01,1.0
48813.805,14024.947,20580.023,1.0
48821.555,13987.29,20582.135,1.0
48797.594,14011.878,20596.193,1.0
48788.5,13990.618,20596.37,1.0
48804.63,13942.911,20596.771,1.0
48852.547,13938.578,20603.45,1.0
48871.914,13947.29,20607.87,0.0
48883.617,13923.547,20617.053,0.0
48959.086,13925.566,20617.791,0.0
48974.008,13857.152,20618.615,0.0
48936.773,13878.835,20618.67,0.0
48963.402,13867.804,20618.77,0.0
49037.676,13839.666,20622.371,0.0
49060.867,13841.565,20626.932,0.0
49023.12,13816.308,20629.107,0.0
48956.13,13764.569,20633.06,0.0
48951.914,13724.88,20642.482,0.0
48948.527,13705.157,20643.5,0.0
48954.63,13677.122,20656.785,0.0
48905.12,13689.907,20660.016,0.0
48917.99,13676.188,20660.307,0.0
48934.062,13637.404,20661.451,0.0
48829.965,13537.829,20678.402,0.0
48796.43,13543.157,20679.01,0.0
48814.65,13507.507,20683.191,0.0
48752.535,13488.704,20690.336,0.0
48725.957,13450.185,20691.412,0.0
48688.836,13396.992,20712.346,0.0
48538.348,13320.734,20731.05,0.0
48443.44,13186.463,20747.277,0.0
48412.223,13145.109,20752.47,0.0
48382.49,13085.52,20763.014,0.0
48314.91,12993.478,20764.326,0.0
48167.168,12923.673,20768.791,0.0
48106.094,12865.622,20775.701,0.0
48018.22,12845.233,20776.262,0.0
47938.402,12767.776,20780.266,0.0
47814.67,12738.245,20790.654,0.0
47686.74,12659.733,20791.553,0.0
47558.957,12612.469,20797.637,0.0
47398.195,12575.728,20802.814,0.0
47261.984,12571.61,20806.121,0.0
47071.863,12598.85,20807.525,0.0
46897.188,12548.024,20818.133,0.0
46754.137,12569.462,20818.736,0.0
46529.773,12541.353,20840.658,0.0
46324.926,12606.429,20871.014,0.0
46188.336,12538.762,20875.143,0.0
46050.082,12535.28,20903.02,0.0
45860.47,12520.924,20920.78,0.0
45781.06,12581.456,20936.66,0.0
45612.473,12613.785,20938.924,0.0
45577.297,12656.356,20962.596,0.0
45495.066,12748.22,20976.27,0.0
45495.367,12723.824,20979.201,0.0
45410.9,12779.647,21003.498,0.0
45398.336,12829.496,21111.95,0.0
45382.895,12852.724,21139.934,0.0
45373.613,12861.495,21174.854,0.0
45393.434,12999.061,21229.676,0.0
45432.715,12977.321,21285.195,0.0
45437.586,13061.943,21400.809,0.0
